ticker_IBD,ticker_yahoo,date
A,A,2022-05-23
AA,AA,2022-05-23
AAL,AAL,2022-05-23
AAON,AAON,2022-05-23
AAP,AAP,2022-05-23
AAPL,AAPL,2022-05-23
AAWW,AAWW,2022-05-23
AB,AB,2022-05-23
ABB,ABB,2022-05-23
ABBV,ABBV,2022-05-23
ABC,ABC,2022-05-23
ABCB,ABCB,2022-05-23
ABCM,ABCM,2022-05-23
ABG,ABG,2022-05-23
ABM,ABM,2022-05-23
ABMD,ABMD,2022-05-23
ABNB,ABNB,2022-05-23
ABR,ABR,2022-05-23
ABT,ABT,2022-05-23
ABTX,ABTX,2022-05-23
ACA,ACA,2022-05-23
ACAD,ACAD,2022-05-23
ACBI,ACBI,2022-03-09
ACDI,ACDI,2022-05-20
ACEL,ACEL,2022-05-23
ACET,ACET,2022-05-23
ACEV,ACEV,2022-05-20
ACGL,ACGL,2022-05-20
ACH,ACH,2022-05-20
ACHC,ACHC,2022-05-20
ACI,ACI,2022-05-20
ACIW,ACIW,2022-05-20
ACLS,ACLS,2022-05-23
ACLX,ACLX,2022-05-20
ACM,ACM,2022-05-23
ACMR,ACMR,2022-05-20
ACN,ACN,2022-05-20
ACRE,ACRE,2022-05-20
ACT,ACT,2022-05-20
ADAL,ADAL,2022-05-20
ADBE,ADBE,2022-05-20
ADI,ADI,2022-05-20
ADM,ADM,2022-05-20
ADNT,ADNT,2022-05-20
ADP,ADP,2022-05-20
ADRT,ADRT,2022-05-20
ADS,ADS,2022-05-20
ADSK,ADSK,2022-05-20
ADTN,ADTN,2022-05-20
ADUS,ADUS,2022-05-20
AEE,AEE,2022-05-20
AEHA,AEHA,2022-05-23
AEHR,AEHR,2022-05-20
AEIS,AEIS,2022-05-20
AEL,AEL,2022-05-20
AEM,AEM,2022-05-20
AEO,AEO,2022-05-20
AEP,AEP,2022-05-23
AER,AER,2022-05-20
AES,AES,2022-05-23
AFCG,AFCG,2022-05-20
AFG,AFG,2022-05-20
AFL,AFL,2022-05-23
AFRM,AFRM,2022-05-20
AFYA,AFYA,2022-05-20
AG,AG,2022-05-20
AGCO,AGCO,2022-05-20
AGL,AGL,2022-05-20
AGM,AGM,2022-05-20
AGNC,AGNC,2022-05-20
AGO,AGO,2022-05-20
AGR,AGR,2022-05-20
AGRO,AGRO,2022-05-20
AGTI,AGTI,2022-05-20
AGX,AGX,2022-05-20
AHCO,AHCO,2022-05-20
AHPA,AHPA,2022-05-20
AIG,AIG,2022-05-20
AIN,AIN,2022-05-20
AINV,AINV,2022-05-20
AIR,AIR,2022-05-20
AIRC,AIRC,2022-05-20
AIRS,AIRS,2022-05-20
AIT,AIT,2022-05-20
AIZ,AIZ,2022-05-20
AJG,AJG,2022-05-20
AJRD,AJRD,2022-05-20
AKAM,AKAM,2022-05-20
AL,AL,2022-05-20
ALAC,ALAC,2022-05-20
ALB,ALB,2022-05-20
ALBO,ALBO,2022-05-20
ALC,ALC,2022-05-20
ALCO,ALCO,2022-05-20
ALE,ALE,2022-05-20
ALEX,ALEX,2022-05-20
ALG,ALG,2022-05-20
ALGM,ALGM,2022-05-20
ALGN,ALGN,2022-05-20
ALGT,ALGT,2022-05-20
ALIT,ALIT,2022-05-20
ALK,ALK,2022-05-20
ALKS,ALKS,2022-05-20
ALL,ALL,2022-05-20
ALLE,ALLE,2022-05-20
ALLG,ALLG,2022-05-20
ALLY,ALLY,2022-05-20
ALNY,ALNY,2022-05-20
ALOR,ALOR,2022-05-20
ALRM,ALRM,2022-05-20
ALRS,ALRS,2022-05-20
ALSN,ALSN,2022-05-20
ALTG,ALTG,2022-05-20
ALTM,ALTM,2022-02-22
ALTR,ALTR,2022-05-20
ALV,ALV,2022-05-20
AM,AM,2022-05-20
AMAL,AMAL,2022-05-20
AMAO,AMAO,2022-05-20
AMAT,AMAT,2022-05-20
AMBA,AMBA,2022-05-20
AMBC,AMBC,2022-05-20
AMC,AMC,2022-05-20
AMCR,AMCR,2022-05-20
AMCX,AMCX,2022-05-20
AMD,AMD,2022-05-20
AME,AME,2022-05-20
AMED,AMED,2022-05-20
AMEH,AMEH,2022-05-20
AMG,AMG,2022-05-20
AMGN,AMGN,2022-05-20
AMK,AMK,2022-05-20
AMKR,AMKR,2022-05-20
AMLX,AMLX,2022-05-20
AMN,AMN,2022-05-20
AMNB,AMNB,2022-05-20
AMOT,AMOT,2022-05-20
AMP,AMP,2022-05-20
AMPH,AMPH,2022-05-20
AMR,AMR,2022-05-20
AMRC,AMRC,2022-05-20
AMRK,AMRK,2022-05-20
AMSF,AMSF,2022-05-20
AMSWA,AMSWA,2022-05-20
AMTB,AMTB,2022-05-20
AMTX,AMTX,2022-05-20
AMX,AMX,2022-05-20
AMZN,AMZN,2022-05-20
AN,AN,2022-05-20
ANAB,ANAB,2022-05-20
ANAT,ANAT,2022-05-20
ANDE,ANDE,2022-05-20
ANET,ANET,2022-05-20
ANF,ANF,2022-05-20
ANGH,ANGH,2022-05-20
ANGO,ANGO,2022-05-20
ANIP,ANIP,2022-05-20
ANSS,ANSS,2022-05-20
ANTM,ANTM,2022-05-20
ANTX,ANTX,2022-05-20
AOMR,AOMR,2022-05-20
AON,AON,2022-05-20
AORT,AORT,2022-05-20
AOS,AOS,2022-05-20
AOSL,AOSL,2022-05-20
APA,APA,2022-05-20
APAM,APAM,2022-05-20
APCA,APCA,2022-05-20
APD,APD,2022-05-20
APEI,APEI,2022-05-20
APG,APG,2022-05-20
APH,APH,2022-05-20
APLS,APLS,2022-05-20
APN,APN,2022-05-20
APO,APO,2022-05-20
APOG,APOG,2022-05-20
APP,APP,2022-05-20
APPF,APPF,2022-05-20
APPN,APPN,2022-05-20
APPS,APPS,2022-05-20
APTV,APTV,2022-05-20
APXI,APXI,2022-05-20
AQN,AQN,2022-05-20
AQUA,AQUA,2022-05-20
AR,AR,2022-05-20
ARCB,ARCB,2022-05-20
ARCC,ARCC,2022-05-20
ARCE,ARCE,2022-05-20
ARCH,ARCH,2022-05-20
ARCK,ARCK,2022-05-20
AREN,AREN,2022-05-20
ARES,ARES,2022-05-20
ARGO,ARGO,2022-05-20
ARGX,ARGX,2022-05-20
ARI,ARI,2022-05-20
ARIS,ARIS,2022-05-20
ARLO,ARLO,2022-05-20
ARLP,ARLP,2022-05-20
ARMK,ARMK,2022-05-20
ARNA,ARNA,2022-03-14
ARNC,ARNC,2022-05-20
AROW,AROW,2022-05-20
ARTNA,ARTNA,2022-05-20
ARVN,ARVN,2022-05-20
ARW,ARW,2022-05-20
ARWR,ARWR,2022-05-20
ASAI,ASAI,2022-05-20
ASAN,ASAN,2022-05-20
ASB,ASB,2022-05-20
ASGN,ASGN,2022-05-20
ASH,ASH,2022-05-20
ASIX,ASIX,2022-05-20
ASLE,ASLE,2022-05-20
ASML,ASML,2022-05-20
ASND,ASND,2022-05-20
ASO,ASO,2022-05-20
ASPS,ASPS,2022-05-20
ASR,ASR,2022-05-20
ASTL,ASTL,2022-05-20
ASTS,ASTS,2022-05-20
ASYS,ASYS,2022-05-20
ATA,ATA,2022-05-20
ATAX,ATAX,2022-05-20
ATC,ATC,2022-05-20
ATCO,ATCO,2022-05-20
ATCX,ATCX,2022-05-20
ATEC,ATEC,2022-05-20
ATEN,ATEN,2022-05-20
ATEX,ATEX,2022-05-20
ATGE,ATGE,2022-05-20
ATHA,ATHA,2022-05-20
ATHM,ATHM,2022-05-20
ATI,ATI,2022-05-20
ATKR,ATKR,2022-05-20
ATLC,ATLC,2022-05-20
ATNI,ATNI,2022-05-20
ATO,ATO,2022-05-20
ATR,ATR,2022-05-20
ATRC,ATRC,2022-05-20
ATRO,ATRO,2022-05-20
ATSG,ATSG,2022-05-20
ATTO,ATTO,2022-05-20
ATUS,ATUS,2022-05-20
ATVI,ATVI,2022-05-20
AU,AU,2022-05-20
AUB,AUB,2022-05-20
AUDC,AUDC,2022-05-20
AUPH,AUPH,2022-05-20
AURA,AURA,2022-05-20
AVA,AVA,2022-05-20
AVAV,AVAV,2022-05-20
AVD,AVD,2022-05-20
AVGO,AVGO,2022-05-20
AVID,AVID,2022-05-20
AVLR,AVLR,2022-05-20
AVNS,AVNS,2022-05-20
AVNT,AVNT,2022-05-20
AVNW,AVNW,2022-05-20
AVT,AVT,2022-05-20
AVTR,AVTR,2022-05-20
AVY,AVY,2022-05-20
AWI,AWI,2022-05-20
AWK,AWK,2022-05-20
AWR,AWR,2022-05-20
AX,AX,2022-05-20
AXNX,AXNX,2022-05-20
AXON,AXON,2022-05-20
AXP,AXP,2022-05-20
AXR,AXR,2022-05-20
AXS,AXS,2022-05-20
AXSM,AXSM,2022-05-20
AXTA,AXTA,2022-05-20
AY,AY,2022-05-20
AYI,AYI,2022-05-20
AYX,AYX,2022-05-20
AZEK,AZEK,2022-05-20
AZN,AZN,2022-05-20
AZO,AZO,2022-05-20
AZPN,AZPN,2022-05-20
AZRE,AZRE,2022-05-20
AZTA,AZTA,2022-05-20
AZUL,AZUL,2022-05-20
AZZ,AZZ,2022-05-20
B,B,2022-05-20
BA,BA,2022-05-20
BABA,BABA,2022-05-20
BAC,BAC,2022-05-20
BAH,BAH,2022-05-20
BAK,BAK,2022-05-20
BAM,BAM,2022-05-20
BANC,BANC,2022-05-20
BANF,BANF,2022-05-20
BANR,BANR,2022-05-20
BAP,BAP,2022-05-20
BATL,BATL,2022-05-20
BATRA,BATRA,2022-05-20
BATRK,BATRK,2022-05-20
BAX,BAX,2022-05-20
BBAI,BBAI,2022-05-20
BBDC,BBDC,2022-05-20
BBQ,BBQ,2022-05-20
BBSI,BBSI,2022-05-20
BBU,BBU,2022-05-20
BBUC,BBUC,2022-05-20
BBW,BBW,2022-05-20
BBWI,BBWI,2022-05-20
BBY,BBY,2022-05-20
BC,BC,2022-05-20
BCAC,BCAC,2022-05-20
BCBP,BCBP,2022-05-20
BCC,BCC,2022-05-20
BCE,BCE,2022-05-20
BCH,BCH,2022-05-20
BCML,BCML,2022-05-20
BCO,BCO,2022-05-20
BCOR,BCOR,2022-05-20
BCPC,BCPC,2022-05-20
BCRX,BCRX,2022-05-20
BCS,BCS,2022-05-20
BCSF,BCSF,2022-05-20
BCTX,BCTX,2022-05-20
BCYC,BCYC,2022-05-20
BDC,BDC,2022-05-20
BDX,BDX,2022-05-20
BE,BE,2022-05-20
BEAM,BEAM,2022-05-20
BECN,BECN,2022-05-20
BEEM,BEEM,2022-05-20
BEKE,BEKE,2022-05-20
BELFB,BELFB,2022-05-20
BEN,BEN,2022-05-20
BENE,BENE,2022-05-20
BEP,BEP,2022-05-20
BEPC,BEPC,2022-05-20
BERY,BERY,2022-05-20
BFAM,BFAM,2022-05-20
BFIN,BFIN,2022-05-20
BFST,BFST,2022-05-20
BG,BG,2022-05-20
BGNE,BGNE,2022-05-20
BGS,BGS,2022-05-20
BGSF,BGSF,2022-05-20
BHB,BHB,2022-05-20
BHC,BHC,2022-05-20
BHE,BHE,2022-05-20
BHF,BHF,2022-05-20
BHLB,BHLB,2022-05-20
BHP,BHP,2022-05-20
BHSE,BHSE,2022-05-20
BHVN,BHVN,2022-05-20
BIDU,BIDU,2022-05-20
BIIB,BIIB,2022-05-20
BILI,BILI,2022-05-20
BILL,BILL,2022-05-20
BIO,BIO,2022-05-20
BIOX,BIOX,2022-05-20
BIP,BIP,2022-05-20
BIPC,BIPC,2022-05-20
BJ,BJ,2022-05-20
BK,BK,2022-05-20
BKE,BKE,2022-05-20
BKH,BKH,2022-05-20
BKI,BKI,2022-05-20
BKNG,BKNG,2022-05-20
BKR,BKR,2022-05-20
BKU,BKU,2022-05-20
BL,BL,2022-05-20
BLBD,BLBD,2022-05-20
BLD,BLD,2022-05-20
BLDP,BLDP,2022-05-20
BLDR,BLDR,2022-05-20
BLFY,BLFY,2022-05-20
BLK,BLK,2022-05-20
BLKB,BLKB,2022-05-20
BLL,BLL,2022-05-20
BLMN,BLMN,2022-05-20
BLX,BLX,2022-05-20
BMA,BMA,2022-05-20
BMBL,BMBL,2022-05-20
BMI,BMI,2022-05-20
BMO,BMO,2022-05-20
BMRC,BMRC,2022-05-20
BMRN,BMRN,2022-05-20
BMY,BMY,2022-05-20
BNFT,BNFT,2022-05-20
BNS,BNS,2022-05-20
BNTX,BNTX,2022-05-20
BOC,BOC,2022-05-20
BOH,BOH,2022-05-20
BOKF,BOKF,2022-05-20
BOOT,BOOT,2022-05-20
BOWL,BOWL,2022-05-20
BOX,BOX,2022-05-20
BP,BP,2022-05-20
BPMC,BPMC,2022-05-20
BPMP,BPMP,2022-04-05
BPOP,BPOP,2022-05-20
BPT,BPT,2022-05-20
BR,BR,2022-05-20
BRBR,BRBR,2022-05-20
BRBS,BRBS,2022-05-20
BRC,BRC,2022-05-20
BRCC,BRCC,2022-05-20
BRDG,BRDG,2022-05-20
BREZ,BREZ,2022-05-20
BRKL,BRKL,2022-05-20
BRKR,BRKR,2022-05-20
BRO,BRO,2022-05-20
BROS,BROS,2022-05-20
BRP,BRP,2022-05-20
BRY,BRY,2022-05-20
BRZE,BRZE,2022-05-20
BSAC,BSAC,2022-05-20
BSET,BSET,2022-05-20
BSIG,BSIG,2022-05-20
BSM,BSM,2022-05-20
BSRR,BSRR,2022-05-20
BSVN,BSVN,2022-05-20
BSX,BSX,2022-05-20
BSY,BSY,2022-05-20
BTI,BTI,2022-05-20
BTU,BTU,2022-05-20
BUD,BUD,2022-05-20
BURL,BURL,2022-05-20
BUSE,BUSE,2022-05-20
BVH,BVH,2022-05-20
BVN,BVN,2022-05-20
BVS,BVS,2022-05-20
BWA,BWA,2022-05-20
BWAC,BWAC,2022-05-20
BWB,BWB,2022-05-20
BWFG,BWFG,2022-05-20
BWMN,BWMN,2022-05-20
BWMX,BWMX,2022-05-20
BWV,BWV,2022-05-20
BWXT,BWXT,2022-05-20
BX,BX,2022-05-20
BXC,BXC,2022-05-20
BXMT,BXMT,2022-05-20
BY,BY,2022-05-20
BYD,BYD,2022-05-20
BYND,BYND,2022-05-20
BZ,BZ,2022-05-20
BZH,BZH,2022-05-20
C,C,2022-05-20
CABO,CABO,2022-05-20
CAC,CAC,2022-05-20
CACC,CACC,2022-05-20
CACI,CACI,2022-05-20
CADE,CADE,2022-05-20
CAE,CAE,2022-05-20
CAG,CAG,2022-05-20
CAH,CAH,2022-05-20
CAJ,CAJ,2022-05-20
CAKE,CAKE,2022-05-20
CAL,CAL,2022-05-20
CALM,CALM,2022-05-20
CALX,CALX,2022-05-20
CAMT,CAMT,2022-05-20
CAPL,CAPL,2022-05-20
CAR,CAR,2022-05-20
CARE,CARE,2022-05-20
CARG,CARG,2022-05-20
CARR,CARR,2022-05-20
CARS,CARS,2022-05-20
CAS,CAS,2022-05-20
CASH,CASH,2022-05-20
CASS,CASS,2022-05-20
CASY,CASY,2022-05-20
CAT,CAT,2022-05-20
CATO,CATO,2022-05-20
CATY,CATY,2022-05-20
CB,CB,2022-05-20
CBAN,CBAN,2022-05-20
CBNK,CBNK,2022-05-20
CBOE,CBOE,2022-05-20
CBRE,CBRE,2022-05-20
CBRL,CBRL,2022-05-20
CBSH,CBSH,2022-05-20
CBT,CBT,2022-05-20
CBTX,CBTX,2022-05-20
CBU,CBU,2022-05-20
CBZ,CBZ,2022-05-20
CC,CC,2022-05-20
CCAP,CCAP,2022-05-20
CCB,CCB,2022-05-20
CCBG,CCBG,2022-05-20
CCCS,CCCS,2022-05-20
CCEP,CCEP,2022-05-20
CCF,CCF,2022-05-20
CCJ,CCJ,2022-05-20
CCK,CCK,2022-05-20
CCL,CCL,2022-05-20
CCMP,CCMP,2022-05-20
CCNE,CCNE,2022-05-20
CCOI,CCOI,2022-05-20
CCRD,CCRD,2022-05-20
CCRN,CCRN,2022-05-20
CCS,CCS,2022-05-20
CCSI,CCSI,2022-05-20
CCU,CCU,2022-05-20
CCXI,CCXI,2022-05-20
CDAY,CDAY,2022-05-20
CDK,CDK,2022-05-20
CDMO,CDMO,2022-05-20
CDNA,CDNA,2022-05-20
CDNS,CDNS,2022-05-20
CDRE,CDRE,2022-05-20
CDW,CDW,2022-05-20
CDXS,CDXS,2022-05-20
CE,CE,2022-05-20
CEA,CEA,2022-05-20
CEG,CEG,2022-05-20
CEIX,CEIX,2022-05-20
CELH,CELH,2022-05-20
CELU,CELU,2022-05-20
CENQ,CENQ,2022-05-20
CENT,CENT,2022-05-20
CENTA,CENTA,2022-05-20
CENX,CENX,2022-05-20
CEQP,CEQP,2022-05-20
CERE,CERE,2022-05-20
CERN,CERN,2022-05-20
CERT,CERT,2022-05-20
CEVA,CEVA,2022-05-20
CF,CF,2022-05-20
CFB,CFB,2022-05-20
CFFE,CFFE,2022-05-20
CFFN,CFFN,2022-05-20
CFG,CFG,2022-05-20
CFLT,CFLT,2022-05-20
CFR,CFR,2022-05-20
CFSB,CFSB,2022-05-20
CFVI,CFVI,2022-05-20
CFX,CFX,2022-05-20
CG,CG,2022-05-20
CGA,CGA,2022-05-20
CGAU,CGAU,2022-05-20
CGBD,CGBD,2022-05-20
CGNX,CGNX,2022-05-20
CHCO,CHCO,2022-05-20
CHD,CHD,2022-05-20
CHDN,CHDN,2022-05-20
CHE,CHE,2022-05-20
CHEF,CHEF,2022-05-20
CHGG,CHGG,2022-05-20
CHH,CHH,2022-05-20
CHK,CHK,2022-05-20
CHKP,CHKP,2022-05-20
CHNG,CHNG,2022-05-20
CHPM,CHPM,2022-04-29
CHPT,CHPT,2022-05-20
CHRW,CHRW,2022-05-20
CHT,CHT,2022-05-20
CHTR,CHTR,2022-05-20
CHUY,CHUY,2022-05-20
CHWY,CHWY,2022-05-20
CHX,CHX,2022-05-20
CI,CI,2022-05-20
CIB,CIB,2022-05-20
CIEN,CIEN,2022-05-20
CIGI,CIGI,2022-05-20
CIM,CIM,2022-05-20
CINC,CINC,2022-05-20
CINF,CINF,2022-05-20
CINT,CINT,2022-05-20
CION,CION,2022-05-20
CIR,CIR,2022-05-20
CITE,CITE,2022-05-20
CIVB,CIVB,2022-05-20
CIVI,CIVI,2022-05-20
CIXX,CIXX,2022-05-20
CKX,CKX,2022-05-20
CL,CL,2022-05-20
CLAQ,CLAQ,2022-05-20
CLAR,CLAR,2022-05-20
CLB,CLB,2022-05-20
CLBK,CLBK,2022-05-20
CLDX,CLDX,2022-05-20
CLF,CLF,2022-05-20
CLFD,CLFD,2022-05-20
CLH,CLH,2022-05-20
CLMT,CLMT,2022-05-20
CLOE,CLOE,2022-05-20
CLR,CLR,2022-05-20
CLS,CLS,2022-05-20
CLSK,CLSK,2022-05-20
CLVT,CLVT,2022-05-20
CLX,CLX,2022-05-20
CM,CM,2022-05-20
CMA,CMA,2022-05-20
CMC,CMC,2022-05-20
CMCA,CMCA,2022-05-20
CMCL,CMCL,2022-05-20
CMCO,CMCO,2022-05-20
CMCSA,CMCSA,2022-05-20
CME,CME,2022-05-20
CMG,CMG,2022-05-20
CMI,CMI,2022-05-20
CMLS,CMLS,2022-05-20
CMP,CMP,2022-05-20
CMPI,CMPI,2022-05-20
CMRE,CMRE,2022-05-20
CMS,CMS,2022-05-20
CMTG,CMTG,2022-05-20
CNA,CNA,2022-05-20
CNC,CNC,2022-05-20
CNGL,CNGL,2022-05-20
CNHI,CNHI,2022-05-20
CNI,CNI,2022-05-20
CNK,CNK,2022-05-20
CNM,CNM,2022-05-20
CNMD,CNMD,2022-05-20
CNNE,CNNE,2022-05-20
CNO,CNO,2022-05-20
CNOB,CNOB,2022-05-20
CNP,CNP,2022-05-20
CNQ,CNQ,2022-05-20
CNR,CNR,2022-05-20
CNS,CNS,2022-05-20
CNTQ,CNTQ,2022-05-20
CNTY,CNTY,2022-05-20
CNX,CNX,2022-05-20
CNXC,CNXC,2022-05-20
CNXN,CNXN,2022-05-20
COCO,COCO,2022-05-20
COF,COF,2022-05-20
COHR,COHR,2022-05-20
COHU,COHU,2022-05-20
COIN,COIN,2022-05-20
COKE,COKE,2022-05-20
COLB,COLB,2022-05-20
COLL,COLL,2022-05-20
COLM,COLM,2022-05-20
CONN,CONN,2022-05-20
COO,COO,2022-05-20
COOP,COOP,2022-05-20
COP,COP,2022-05-20
CORT,CORT,2022-05-20
COST,COST,2022-05-20
COUP,COUP,2022-05-20
COUR,COUR,2022-05-20
COWN,COWN,2022-05-20
CP,CP,2022-05-20
CPA,CPA,2022-05-20
CPB,CPB,2022-05-20
CPE,CPE,2022-05-20
CPF,CPF,2022-05-20
CPK,CPK,2022-05-20
CPLP,CPLP,2022-05-20
CPNG,CPNG,2022-05-20
CPRI,CPRI,2022-05-20
CPRT,CPRT,2022-05-20
CPSI,CPSI,2022-05-20
CPSS,CPSS,2022-05-20
CPTN,CPTN,2022-05-20
CQP,CQP,2022-05-20
CR,CR,2022-05-20
CRAI,CRAI,2022-05-20
CRC,CRC,2022-05-20
CRCT,CRCT,2022-05-20
CRDO,CRDO,2022-05-20
CRGY,CRGY,2022-05-20
CRH,CRH,2022-05-20
CRI,CRI,2022-05-20
CRK,CRK,2022-05-20
CRL,CRL,2022-05-20
CRM,CRM,2022-05-20
CRMT,CRMT,2022-05-20
CRNX,CRNX,2022-05-20
CROX,CROX,2022-05-20
CRS,CRS,2022-05-20
CRSP,CRSP,2022-05-20
CRSR,CRSR,2022-05-20
CRT,CRT,2022-05-20
CRTO,CRTO,2022-05-20
CRUS,CRUS,2022-05-20
CRVL,CRVL,2022-05-20
CRWD,CRWD,2022-05-20
CSAN,CSAN,2022-05-20
CSCO,CSCO,2022-05-20
CSGP,CSGP,2022-05-20
CSGS,CSGS,2022-05-20
CSIQ,CSIQ,2022-05-20
CSL,CSL,2022-05-20
CSTM,CSTM,2022-05-20
CSTR,CSTR,2022-05-20
CSV,CSV,2022-05-20
CSWC,CSWC,2022-05-20
CSWI,CSWI,2022-05-20
CSX,CSX,2022-05-20
CTAS,CTAS,2022-05-20
CTBI,CTBI,2022-05-20
CTLT,CTLT,2022-05-20
CTO,CTO,2022-05-20
CTRA,CTRA,2022-05-20
CTS,CTS,2022-05-20
CTSH,CTSH,2022-05-20
CTVA,CTVA,2022-05-20
CTXS,CTXS,2022-05-20
CUBI,CUBI,2022-05-20
CUK,CUK,2022-05-20
CUTR,CUTR,2022-05-20
CVAC,CVAC,2022-05-20
CVBF,CVBF,2022-05-20
CVCO,CVCO,2022-05-20
CVCY,CVCY,2022-05-20
CVE,CVE,2022-05-20
CVEO,CVEO,2022-05-20
CVI,CVI,2022-05-20
CVLG,CVLG,2022-05-20
CVLT,CVLT,2022-05-20
CVNA,CVNA,2022-05-20
CVS,CVS,2022-05-20
CVX,CVX,2022-05-20
CW,CW,2022-05-20
CWAN,CWAN,2022-05-20
CWCO,CWCO,2022-05-20
CWEN,CWEN,2022-05-20
CWH,CWH,2022-05-20
CWK,CWK,2022-05-20
CWST,CWST,2022-05-20
CWT,CWT,2022-05-20
CXM,CXM,2022-05-20
CYBE,CYBE,2022-05-20
CYBR,CYBR,2022-05-20
CYD,CYD,2022-05-20
CYH,CYH,2022-05-20
CYTK,CYTK,2022-05-20
CYXT,CYXT,2022-05-20
CZNC,CZNC,2022-05-20
CZR,CZR,2022-05-20
CZWI,CZWI,2022-05-20
D,D,2022-05-20
DAC,DAC,2022-05-20
DAL,DAL,2022-05-20
DAN,DAN,2022-05-20
DAR,DAR,2022-05-20
DASH,DASH,2022-05-20
DAVA,DAVA,2022-05-20
DB,DB,2022-05-20
DBI,DBI,2022-05-20
DBX,DBX,2022-05-20
DCFC,DCFC,2022-05-20
DCI,DCI,2022-05-20
DCO,DCO,2022-05-20
DCOM,DCOM,2022-05-20
DCP,DCP,2022-05-20
DD,DD,2022-05-20
DDI,DDI,2022-05-20
DDOG,DDOG,2022-05-20
DDS,DDS,2022-05-20
DE,DE,2022-05-20
DECK,DECK,2022-05-20
DELL,DELL,2022-05-20
DEN,DEN,2022-05-20
DENN,DENN,2022-05-20
DEO,DEO,2022-05-20
DESP,DESP,2022-05-20
DFH,DFH,2022-05-20
DFIN,DFIN,2022-05-20
DFS,DFS,2022-05-20
DG,DG,2022-05-20
DGICA,DGICA,2022-05-20
DGII,DGII,2022-05-20
DGX,DGX,2022-05-20
DH,DH,2022-05-20
DHAC,DHAC,2022-05-20
DHI,DHI,2022-05-20
DHR,DHR,2022-05-20
DIN,DIN,2022-05-20
DINO,DINO,2022-05-20
DIOD,DIOD,2022-05-20
DIS,DIS,2022-05-20
DISCA,DISCA,2022-05-20
DISCK,DISCK,2022-04-14
DISH,DISH,2022-05-20
DK,DK,2022-05-20
DKDCA,DKDCA,2022-05-20
DKL,DKL,2022-05-20
DKNG,DKNG,2022-05-20
DKS,DKS,2022-05-20
DLA,DLA,2022-05-20
DLB,DLB,2022-05-20
DLHC,DLHC,2022-05-20
DLO,DLO,2022-05-20
DLTH,DLTH,2022-05-20
DLTR,DLTR,2022-05-20
DLX,DLX,2022-05-20
DMAQ,DMAQ,2022-05-20
DMLP,DMLP,2022-05-20
DNB,DNB,2022-05-20
DNLI,DNLI,2022-05-20
DNOW,DNOW,2022-05-20
DNUT,DNUT,2022-05-20
DOCN,DOCN,2022-05-20
DOCS,DOCS,2022-05-20
DOCU,DOCU,2022-05-20
DOLE,DOLE,2022-05-20
DOOO,DOOO,2022-05-20
DOOR,DOOR,2022-05-20
DORM,DORM,2022-05-20
DOV,DOV,2022-05-20
DOW,DOW,2022-05-20
DOX,DOX,2022-05-20
DPZ,DPZ,2022-05-20
DQ,DQ,2022-05-20
DRD,DRD,2022-05-20
DRI,DRI,2022-05-20
DRQ,DRQ,2022-05-20
DRTS,DRTS,2022-05-20
DRVN,DRVN,2022-05-20
DSGX,DSGX,2022-05-20
DSKE,DSKE,2022-05-20
DT,DT,2022-05-20
DTE,DTE,2022-05-20
DTM,DTM,2022-05-20
DUK,DUK,2022-05-20
DUOL,DUOL,2022-05-20
DV,DV,2022-05-20
DVA,DVA,2022-05-20
DVAX,DVAX,2022-05-20
DVN,DVN,2022-05-20
DWAC,DWAC,2022-05-20
DX,DX,2022-05-20
DXC,DXC,2022-05-20
DXCM,DXCM,2022-05-20
DXPE,DXPE,2022-05-20
DY,DY,2022-05-20
DZSI,DZSI,2022-05-20
E,E,2022-05-20
EA,EA,2022-05-20
EAF,EAF,2022-05-20
EBAY,EBAY,2022-05-20
EBC,EBC,2022-05-20
EBF,EBF,2022-05-20
EBIX,EBIX,2022-05-20
EBS,EBS,2022-05-20
EC,EC,2022-05-20
ECL,ECL,2022-05-20
ECOL,ECOL,2022-05-02
ECOM,ECOM,2022-05-20
ECPG,ECPG,2022-05-20
ECVT,ECVT,2022-05-20
ED,ED,2022-05-20
EDR,EDR,2022-05-20
EDRY,EDRY,2022-05-20
EE,EE,2022-05-20
EEFT,EEFT,2022-05-20
EFC,EFC,2022-05-20
EFSC,EFSC,2022-05-20
EFX,EFX,2022-05-20
EGAN,EGAN,2022-05-20
EGBN,EGBN,2022-05-20
EGLE,EGLE,2022-05-20
EGO,EGO,2022-05-20
EGRX,EGRX,2022-05-20
EHC,EHC,2022-05-20
EIG,EIG,2022-05-20
EIX,EIX,2022-05-20
EL,EL,2022-05-20
ELAN,ELAN,2022-05-20
ELF,ELF,2022-05-20
ELY,ELY,2022-05-20
EMBC,EMBC,2022-05-20
EME,EME,2022-05-20
EMN,EMN,2022-05-20
EMR,EMR,2022-05-20
ENB,ENB,2022-05-20
ENLC,ENLC,2022-05-20
ENOV,ENOV,2022-05-20
ENPH,ENPH,2022-05-20
ENS,ENS,2022-05-20
ENSG,ENSG,2022-05-20
ENTA,ENTA,2022-05-20
ENTG,ENTG,2022-05-20
ENV,ENV,2022-05-20
ENVA,ENVA,2022-05-20
EOG,EOG,2022-05-20
EOLS,EOLS,2022-05-20
EP,EP,2022-05-20
EPAC,EPAC,2022-05-20
EPAM,EPAM,2022-05-20
EPAY,EPAY,2022-05-13
EPC,EPC,2022-05-20
EPD,EPD,2022-05-20
EQBK,EQBK,2022-05-20
EQH,EQH,2022-05-20
EQNR,EQNR,2022-05-20
EQT,EQT,2022-05-20
ERF,ERF,2022-05-20
ERIC,ERIC,2022-05-20
ERIE,ERIE,2022-05-20
ERII,ERII,2022-05-20
ERJ,ERJ,2022-05-20
ERO,ERO,2022-05-20
ES,ES,2022-05-20
ESAB,ESAB,2022-05-20
ESAC,ESAC,2022-05-20
ESEA,ESEA,2022-05-20
ESGR,ESGR,2022-05-20
ESI,ESI,2022-05-20
ESLT,ESLT,2022-05-20
ESMT,ESMT,2022-05-20
ESNT,ESNT,2022-05-20
ESQ,ESQ,2022-05-20
ESTA,ESTA,2022-05-20
ESTC,ESTC,2022-05-20
ESTE,ESTE,2022-05-20
ET,ET,2022-05-20
ETD,ETD,2022-05-20
ETN,ETN,2022-05-20
ETR,ETR,2022-05-20
ETSY,ETSY,2022-05-20
EURN,EURN,2022-05-20
EVA,EVA,2022-05-20
EVGO,EVGO,2022-05-20
EVH,EVH,2022-05-20
EVO,EVO,2022-05-20
EVOP,EVOP,2022-05-20
EVR,EVR,2022-05-20
EVRG,EVRG,2022-05-20
EVRI,EVRI,2022-05-20
EVTC,EVTC,2022-05-20
EW,EW,2022-05-20
EWBC,EWBC,2022-05-20
EWCZ,EWCZ,2022-05-20
EXAS,EXAS,2022-05-20
EXC,EXC,2022-05-20
EXEL,EXEL,2022-05-20
EXLS,EXLS,2022-05-20
EXP,EXP,2022-05-20
EXPD,EXPD,2022-05-20
EXPE,EXPE,2022-05-20
EXPI,EXPI,2022-05-20
EXPO,EXPO,2022-05-20
EXTR,EXTR,2022-05-20
EYE,EYE,2022-05-20
EYPT,EYPT,2022-05-20
F,F,2022-05-20
FA,FA,2022-05-20
FAF,FAF,2022-05-20
FANG,FANG,2022-05-20
FAST,FAST,2022-05-20
FATE,FATE,2022-05-20
FB,FB,2022-05-20
FBC,FBC,2022-05-20
FBHS,FBHS,2022-05-20
FBK,FBK,2022-05-20
FBMS,FBMS,2022-05-20
FBNC,FBNC,2022-05-20
FBP,FBP,2022-05-20
FC,FC,2022-05-20
FCBC,FCBC,2022-05-20
FCF,FCF,2022-05-20
FCFS,FCFS,2022-05-20
FCN,FCN,2022-05-20
FCNCA,FCNCA,2022-05-20
FCUV,FCUV,2022-05-20
FCX,FCX,2022-05-20
FDP,FDP,2022-05-20
FDS,FDS,2022-05-20
FDUS,FDUS,2022-05-20
FDX,FDX,2022-05-20
FE,FE,2022-05-20
FELE,FELE,2022-05-20
FERG,FERG,2022-05-20
FET,FET,2022-05-20
FF,FF,2022-05-20
FFBC,FFBC,2022-05-20
FFIC,FFIC,2022-05-20
FFIN,FFIN,2022-05-20
FFIV,FFIV,2022-05-20
FFWM,FFWM,2022-05-20
FGEN,FGEN,2022-05-20
FHB,FHB,2022-05-20
FHI,FHI,2022-05-20
FHN,FHN,2022-05-20
FHTX,FHTX,2022-05-20
FIBK,FIBK,2022-05-20
FICO,FICO,2022-05-20
FIGS,FIGS,2022-05-20
FINW,FINW,2022-05-20
FIS,FIS,2022-05-20
FISI,FISI,2022-05-20
FISV,FISV,2022-05-20
FITB,FITB,2022-05-20
FIVE,FIVE,2022-05-20
FIVN,FIVN,2022-05-20
FIX,FIX,2022-05-20
FIZZ,FIZZ,2022-05-20
FL,FL,2022-05-20
FLEX,FLEX,2022-05-20
FLGT,FLGT,2022-05-20
FLIC,FLIC,2022-05-20
FLNG,FLNG,2022-05-20
FLO,FLO,2022-05-20
FLOW,FLOW,2022-04-05
FLR,FLR,2022-05-20
FLS,FLS,2022-05-20
FLT,FLT,2022-05-20
FLYA,FLYA,2022-05-20
FLYW,FLYW,2022-05-20
FMAO,FMAO,2022-05-20
FMBH,FMBH,2022-05-20
FMC,FMC,2022-05-20
FMNB,FMNB,2022-05-20
FMS,FMS,2022-05-20
FMX,FMX,2022-05-20
FN,FN,2022-05-20
FNA,FNA,2022-05-20
FNB,FNB,2022-05-20
FND,FND,2022-05-20
FNF,FNF,2022-05-20
FNKO,FNKO,2022-05-20
FNLC,FNLC,2022-05-20
FNV,FNV,2022-05-20
FNWB,FNWB,2022-05-20
FOCS,FOCS,2022-05-20
FOE,FOE,2022-04-21
FONR,FONR,2022-05-20
FOR,FOR,2022-05-20
FORM,FORM,2022-05-20
FORR,FORR,2022-05-20
FOSL,FOSL,2022-05-20
FOUN,FOUN,2022-05-20
FOUR,FOUR,2022-05-20
FOX,FOX,2022-05-20
FOXA,FOXA,2022-05-20
FOXF,FOXF,2022-05-20
FOXW,FOXW,2022-05-20
FRBA,FRBA,2022-05-20
FRC,FRC,2022-05-20
FREY,FREY,2022-05-20
FRG,FRG,2022-05-20
FRGE,FRGE,2022-05-20
FRHC,FRHC,2022-05-20
FRLA,FRLA,2022-05-20
FRME,FRME,2022-05-20
FRPT,FRPT,2022-05-20
FRSH,FRSH,2022-05-20
FRST,FRST,2022-05-20
FSBC,FSBC,2022-05-20
FSK,FSK,2022-05-20
FSLR,FSLR,2022-05-20
FSR,FSR,2022-05-20
FSS,FSS,2022-05-20
FSTR,FSTR,2022-05-20
FSV,FSV,2022-05-20
FTCH,FTCH,2022-05-20
FTNT,FTNT,2022-05-20
FTS,FTS,2022-05-20
FTV,FTV,2022-05-20
FUL,FUL,2022-05-20
FULC,FULC,2022-05-20
FULT,FULT,2022-05-20
FUN,FUN,2022-05-20
FUTU,FUTU,2022-05-20
FVCB,FVCB,2022-05-20
FWONA,FWONA,2022-05-20
FWONK,FWONK,2022-05-20
FWRD,FWRD,2022-05-20
FWRG,FWRG,2022-05-20
FXLV,FXLV,2022-05-20
FYBR,FYBR,2022-05-20
G,G,2022-05-20
GABC,GABC,2022-05-20
GACQ,GACQ,2022-05-20
GAIN,GAIN,2022-05-20
GAMB,GAMB,2022-05-20
GATX,GATX,2022-05-20
GBCI,GBCI,2022-05-20
GBDC,GBDC,2022-05-20
GBT,GBT,2022-05-20
GBX,GBX,2022-05-20
GCMG,GCMG,2022-05-20
GCO,GCO,2022-05-20
GCP,GCP,2022-05-20
GD,GD,2022-05-20
GDDY,GDDY,2022-05-20
GDEN,GDEN,2022-05-20
GDRX,GDRX,2022-05-20
GDS,GDS,2022-05-20
GDYN,GDYN,2022-05-20
GE,GE,2022-05-20
GECC,GECC,2022-05-20
GEF,GEF,2022-05-20
GEL,GEL,2022-05-20
GES,GES,2022-05-20
GFF,GFF,2022-05-20
GFI,GFI,2022-05-20
GFL,GFL,2022-05-20
GFS,GFS,2022-05-20
GGAA,GGAA,2022-05-20
GGAL,GGAL,2022-05-20
GGG,GGG,2022-05-20
GGPI,GGPI,2022-05-20
GGR,GGR,2022-05-20
GH,GH,2022-05-20
GHC,GHC,2022-05-20
GHL,GHL,2022-05-20
GIB,GIB,2022-05-20
GIC,GIC,2022-05-20
GIII,GIII,2022-05-20
GIL,GIL,2022-05-20
GILD,GILD,2022-05-20
GIS,GIS,2022-05-20
GKOS,GKOS,2022-05-20
GL,GL,2022-05-20
GLAD,GLAD,2022-05-20
GLAQ,GLAQ,2022-05-20
GLBE,GLBE,2022-05-20
GLDD,GLDD,2022-05-20
GLEE,GLEE,2022-05-20
GLNG,GLNG,2022-05-20
GLOB,GLOB,2022-05-20
GLP,GLP,2022-05-20
GLPG,GLPG,2022-05-20
GLT,GLT,2022-05-20
GLW,GLW,2022-05-20
GM,GM,2022-05-20
GMAB,GMAB,2022-05-20
GME,GME,2022-05-20
GMED,GMED,2022-05-20
GMS,GMS,2022-05-20
GNK,GNK,2022-05-20
GNRC,GNRC,2022-05-20
GNTX,GNTX,2022-05-20
GNTY,GNTY,2022-05-20
GO,GO,2022-05-20
GOGL,GOGL,2022-05-20
GOGN,GOGN,2022-05-20
GOGO,GOGO,2022-05-20
GOLD,GOLD,2022-05-20
GOLF,GOLF,2022-05-20
GOOG,GOOG,2022-05-20
GOOGL,GOOGL,2022-05-20
GOOS,GOOS,2022-05-20
GPC,GPC,2022-05-20
GPI,GPI,2022-05-20
GPK,GPK,2022-05-20
GPMT,GPMT,2022-05-20
GPN,GPN,2022-05-20
GPOR,GPOR,2022-05-20
GPP,GPP,2022-05-20
GPRE,GPRE,2022-05-20
GPRK,GPRK,2022-05-20
GPS,GPS,2022-05-20
GRBK,GRBK,2022-05-20
GRC,GRC,2022-05-20
GRCY,GRCY,2022-05-20
GREE,GREE,2022-05-20
GRFS,GRFS,2022-05-20
GRIN,GRIN,2022-05-20
GRMN,GRMN,2022-05-20
GRNA,GRNA,2022-05-20
GRVY,GRVY,2022-05-20
GS,GS,2022-05-20
GSBC,GSBC,2022-05-20
GSBD,GSBD,2022-05-20
GSHD,GSHD,2022-05-20
GSK,GSK,2022-05-20
GSKY,GSKY,2022-04-07
GSL,GSL,2022-05-20
GT,GT,2022-05-20
GTES,GTES,2022-05-20
GTLB,GTLB,2022-05-20
GTLS,GTLS,2022-05-20
GTN,GTN,2022-05-20
GVCI,GVCI,2022-05-20
GWRE,GWRE,2022-05-20
GWRS,GWRS,2022-05-20
GWW,GWW,2022-05-20
GXO,GXO,2022-05-20
H,H,2022-05-20
HA,HA,2022-05-20
HAE,HAE,2022-05-20
HAFC,HAFC,2022-05-20
HAIN,HAIN,2022-05-20
HAL,HAL,2022-05-20
HALO,HALO,2022-05-20
HAS,HAS,2022-05-20
HASI,HASI,2022-05-20
HAYN,HAYN,2022-05-20
HAYW,HAYW,2022-05-20
HBAN,HBAN,2022-05-20
HBI,HBI,2022-05-20
HBNC,HBNC,2022-05-20
HBP,HBP,2022-05-03
HBT,HBT,2022-05-20
HCA,HCA,2022-05-20
HCC,HCC,2022-05-20
HCCI,HCCI,2022-05-20
HCKT,HCKT,2022-05-20
HCM,HCM,2022-05-20
HCP,HCP,2022-05-20
HD,HD,2022-05-20
HDB,HDB,2022-05-20
HE,HE,2022-05-20
HEES,HEES,2022-05-20
HEI,HEI,2022-05-20
HELE,HELE,2022-05-20
HEP,HEP,2022-05-20
HES,HES,2022-05-20
HESM,HESM,2022-05-20
HFC,HFC,2022-05-16
HFWA,HFWA,2022-05-20
HGTY,HGTY,2022-05-20
HGV,HGV,2022-05-20
HHC,HHC,2022-05-20
HHR,HHR,2022-05-20
HI,HI,2022-05-20
HIBB,HIBB,2022-05-20
HIG,HIG,2022-05-20
HII,HII,2022-05-20
HIMX,HIMX,2022-05-20
HLF,HLF,2022-05-20
HLI,HLI,2022-05-20
HLIO,HLIO,2022-05-20
HLLY,HLLY,2022-05-20
HLMN,HLMN,2022-05-20
HLNE,HLNE,2022-05-20
HLT,HLT,2022-05-20
HMC,HMC,2022-05-20
HMHC,HMHC,2022-04-07
HMN,HMN,2022-05-20
HMST,HMST,2022-05-20
HNGR,HNGR,2022-05-20
HNI,HNI,2022-05-20
HNP,HNP,2022-05-20
HOG,HOG,2022-05-20
HOLI,HOLI,2022-05-20
HOLX,HOLX,2022-05-20
HOMB,HOMB,2022-05-20
HON,HON,2022-05-20
HONE,HONE,2022-05-20
HOOD,HOOD,2022-05-20
HOPE,HOPE,2022-05-20
HOV,HOV,2022-05-20
HP,HP,2022-05-20
HPE,HPE,2022-05-20
HPK,HPK,2022-05-20
HPQ,HPQ,2022-05-20
HQY,HQY,2022-05-20
HRB,HRB,2022-05-20
HRI,HRI,2022-05-20
HRL,HRL,2022-05-20
HRMY,HRMY,2022-05-20
HRT,HRT,2022-05-20
HRZN,HRZN,2022-05-20
HSBC,HSBC,2022-05-20
HSC,HSC,2022-05-20
HSIC,HSIC,2022-05-20
HSII,HSII,2022-05-20
HSON,HSON,2022-05-20
HSY,HSY,2022-05-20
HTAQ,HTAQ,2022-05-20
HTBI,HTBI,2022-05-20
HTBK,HTBK,2022-05-20
HTGC,HTGC,2022-05-20
HTH,HTH,2022-05-20
HTHT,HTHT,2022-05-20
HTLD,HTLD,2022-05-20
HTLF,HTLF,2022-05-20
HTOO,HTOO,2022-05-20
HTZ,HTZ,2022-05-20
HUBB,HUBB,2022-05-20
HUBG,HUBG,2022-05-20
HUBS,HUBS,2022-05-20
HUDI,HUDI,2022-05-20
HUGS,HUGS,2022-05-20
HUM,HUM,2022-05-20
HUN,HUN,2022-05-20
HURN,HURN,2022-05-20
HVT,HVT,2022-05-20
HWC,HWC,2022-05-20
HWKN,HWKN,2022-05-20
HWM,HWM,2022-05-20
HXL,HXL,2022-05-20
HZNP,HZNP,2022-05-20
HZO,HZO,2022-05-20
IAA,IAA,2022-05-20
IAC,IAC,2022-05-20
IART,IART,2022-05-20
IBCP,IBCP,2022-05-20
IBEX,IBEX,2022-05-20
IBKR,IBKR,2022-05-20
IBM,IBM,2022-05-20
IBN,IBN,2022-05-20
IBOC,IBOC,2022-05-20
IBP,IBP,2022-05-20
IBTX,IBTX,2022-05-20
ICE,ICE,2022-05-20
ICFI,ICFI,2022-05-20
ICHR,ICHR,2022-05-20
ICL,ICL,2022-05-20
ICLR,ICLR,2022-05-20
ICNC,ICNC,2022-05-20
ICPT,ICPT,2022-05-20
ICUI,ICUI,2022-05-20
IDA,IDA,2022-05-20
IDCC,IDCC,2022-05-20
IDT,IDT,2022-05-20
IDXX,IDXX,2022-05-20
IEA,IEA,2022-05-20
IEP,IEP,2022-05-20
IESC,IESC,2022-05-20
IEX,IEX,2022-05-20
IFF,IFF,2022-05-20
IFIN,IFIN,2022-05-20
IFS,IFS,2022-05-20
IGT,IGT,2022-05-20
IHG,IHG,2022-05-20
IHRT,IHRT,2022-05-20
IHS,IHS,2022-05-20
IIIN,IIIN,2022-05-20
IIIV,IIIV,2022-05-20
IIN,IIN,2022-05-20
IIVI,IIVI,2022-05-20
ILMN,ILMN,2022-05-20
IMAX,IMAX,2022-05-20
IMCR,IMCR,2022-05-20
IMGO,IMGO,2022-05-20
IMKTA,IMKTA,2022-05-20
IMO,IMO,2022-05-20
IMOS,IMOS,2022-05-20
IMTE,IMTE,2022-05-20
IMUX,IMUX,2022-05-20
IMXI,IMXI,2022-05-20
INBK,INBK,2022-05-20
INCY,INCY,2022-05-20
INDB,INDB,2022-05-20
INDO,INDO,2022-05-20
INDT,INDT,2022-05-20
INFA,INFA,2022-05-20
INFO,INFO,2022-02-25
INFY,INFY,2022-05-20
ING,ING,2022-05-20
INGN,INGN,2022-05-20
INGR,INGR,2022-05-20
INMD,INMD,2022-05-20
INSE,INSE,2022-05-20
INSM,INSM,2022-05-20
INSP,INSP,2022-05-20
INST,INST,2022-05-20
INSW,INSW,2022-05-20
INT,INT,2022-05-20
INTA,INTA,2022-05-20
INTC,INTC,2022-05-20
INTT,INTT,2022-05-20
INTU,INTU,2022-05-20
INVA,INVA,2022-05-20
INVE,INVE,2022-05-20
IOAC,IOAC,2022-05-20
IONQ,IONQ,2022-05-20
IONS,IONS,2022-05-20
IOSP,IOSP,2022-05-20
IOT,IOT,2022-05-20
IP,IP,2022-05-20
IPAR,IPAR,2022-05-20
IPG,IPG,2022-05-20
IPGP,IPGP,2022-05-20
IPI,IPI,2022-05-20
IQMD,IQMD,2022-05-20
IQV,IQV,2022-05-20
IR,IR,2022-05-20
IRDM,IRDM,2022-05-20
IREN,IREN,2022-05-20
IRM,IRM,2022-05-20
IRMD,IRMD,2022-05-20
IRTC,IRTC,2022-05-20
IRWD,IRWD,2022-05-20
ISAA,ISAA,2022-05-20
ISBC,ISBC,2022-04-07
ISEE,ISEE,2022-05-20
ISPO,ISPO,2022-05-20
ISRG,ISRG,2022-05-20
IT,IT,2022-05-20
ITCI,ITCI,2022-05-20
ITGR,ITGR,2022-05-20
ITOS,ITOS,2022-05-20
ITRN,ITRN,2022-05-20
ITT,ITT,2022-05-20
ITW,ITW,2022-05-20
IVZ,IVZ,2022-05-20
IX,IX,2022-05-20
J,J,2022-05-20
JAKK,JAKK,2022-05-20
JAMF,JAMF,2022-05-20
JAZZ,JAZZ,2022-05-20
JBHT,JBHT,2022-05-20
JBL,JBL,2022-05-20
JBLU,JBLU,2022-05-20
JBSS,JBSS,2022-05-20
JBT,JBT,2022-05-20
JCI,JCI,2022-05-20
JD,JD,2022-05-20
JEF,JEF,2022-05-20
JELD,JELD,2022-05-20
JHG,JHG,2022-05-20
JHX,JHX,2022-05-20
JILL,JILL,2022-05-20
JJSF,JJSF,2022-05-20
JKHY,JKHY,2022-05-20
JKS,JKS,2022-05-20
JLL,JLL,2022-05-20
JNJ,JNJ,2022-05-20
JNPR,JNPR,2022-05-20
JOBS,JOBS,2022-05-06
JOE,JOE,2022-05-20
JPM,JPM,2022-05-20
JWN,JWN,2022-05-20
JXN,JXN,2022-05-20
JYNT,JYNT,2022-05-20
K,K,2022-05-20
KAI,KAI,2022-05-20
KALU,KALU,2022-05-20
KAMN,KAMN,2022-05-20
KAR,KAR,2022-05-20
KB,KB,2022-05-20
KBH,KBH,2022-05-20
KBR,KBR,2022-05-20
KD,KD,2022-05-20
KDNY,KDNY,2022-05-20
KDP,KDP,2022-05-20
KELYA,KELYA,2022-05-20
KEN,KEN,2022-05-20
KEP,KEP,2022-05-20
KEX,KEX,2022-05-20
KEY,KEY,2022-05-20
KEYS,KEYS,2022-05-20
KFRC,KFRC,2022-05-20
KFY,KFY,2022-05-20
KHC,KHC,2022-05-20
KIDS,KIDS,2022-05-20
KINZ,KINZ,2022-05-20
KKR,KKR,2022-05-20
KLAC,KLAC,2022-05-20
KLIC,KLIC,2022-05-20
KMB,KMB,2022-05-20
KMI,KMI,2022-05-20
KMPR,KMPR,2022-05-20
KMT,KMT,2022-05-20
KMX,KMX,2022-05-20
KN,KN,2022-05-20
KNBE,KNBE,2022-05-20
KNOP,KNOP,2022-05-20
KNSL,KNSL,2022-05-20
KNTK,KNTK,2022-05-20
KNX,KNX,2022-05-20
KO,KO,2022-05-20
KOF,KOF,2022-05-20
KOP,KOP,2022-05-20
KPTI,KPTI,2022-05-20
KR,KR,2022-05-20
KRA,KRA,2022-03-14
KREF,KREF,2022-05-20
KRNT,KRNT,2022-05-20
KRNY,KRNY,2022-05-20
KRO,KRO,2022-05-20
KROS,KROS,2022-05-20
KRP,KRP,2022-05-20
KRTX,KRTX,2022-05-20
KRUS,KRUS,2022-05-20
KRYS,KRYS,2022-05-20
KSS,KSS,2022-05-20
KT,KT,2022-05-20
KTB,KTB,2022-05-20
KTOS,KTOS,2022-05-20
KW,KW,2022-05-20
KWAC,KWAC,2022-05-20
KWR,KWR,2022-05-20
KZR,KZR,2022-05-20
L,L,2022-05-20
LAC,LAC,2022-05-20
LAD,LAD,2022-05-20
LADR,LADR,2022-05-20
LAMR,LAMR,2022-05-20
LANC,LANC,2022-05-20
LAUR,LAUR,2022-05-20
LAWS,LAWS,2022-05-20
LAZ,LAZ,2022-05-20
LAZR,LAZR,2022-05-20
LAZY,LAZY,2022-05-20
LBAI,LBAI,2022-05-20
LBC,LBC,2022-05-20
LBRDA,LBRDA,2022-05-20
LBRDK,LBRDK,2022-05-20
LBRT,LBRT,2022-05-20
LBTYA,LBTYA,2022-05-20
LBTYK,LBTYK,2022-05-20
LC,LC,2022-05-20
LCAP,LCAP,2022-05-20
LCID,LCID,2022-05-20
LCII,LCII,2022-05-20
LCNB,LCNB,2022-05-20
LDOS,LDOS,2022-05-20
LEA,LEA,2022-05-20
LECO,LECO,2022-05-20
LEE,LEE,2022-05-20
LEG,LEG,2022-05-20
LEGN,LEGN,2022-05-20
LEN,LEN,2022-05-20
LESL,LESL,2022-05-20
LEU,LEU,2022-05-20
LEVI,LEVI,2022-05-20
LEVL,LEVL,2022-04-04
LFG,LFG,2022-05-20
LFST,LFST,2022-05-20
LFUS,LFUS,2022-05-20
LGIH,LGIH,2022-05-20
LGND,LGND,2022-05-20
LGO,LGO,2022-05-20
LH,LH,2022-05-20
LHCG,LHCG,2022-05-20
LHX,LHX,2022-05-20
LI,LI,2022-05-20
LIBY,LIBY,2022-05-20
LII,LII,2022-05-20
LILA,LILA,2022-05-20
LILAK,LILAK,2022-05-20
LIN,LIN,2022-05-20
LIND,LIND,2022-05-20
LITE,LITE,2022-05-20
LIVN,LIVN,2022-05-20
LKFN,LKFN,2022-05-20
LKQ,LKQ,2022-05-20
LL,LL,2022-05-20
LLAP,LLAP,2022-05-20
LLY,LLY,2022-05-20
LMAO,LMAO,2022-05-20
LMAT,LMAT,2022-05-20
LMNR,LMNR,2022-05-20
LMT,LMT,2022-05-20
LNC,LNC,2022-05-20
LNDC,LNDC,2022-05-20
LNFA,LNFA,2022-05-20
LNG,LNG,2022-05-20
LNN,LNN,2022-05-20
LNT,LNT,2022-05-20
LNTH,LNTH,2022-05-20
LOB,LOB,2022-05-20
LOGI,LOGI,2022-05-20
LOPE,LOPE,2022-05-20
LOVE,LOVE,2022-05-20
LOW,LOW,2022-05-20
LPG,LPG,2022-05-20
LPI,LPI,2022-05-20
LPLA,LPLA,2022-05-20
LPRO,LPRO,2022-05-20
LPX,LPX,2022-05-20
LRCX,LRCX,2022-05-20
LRN,LRN,2022-05-20
LSCC,LSCC,2022-05-20
LSPD,LSPD,2022-05-20
LSTR,LSTR,2022-05-20
LSXMA,LSXMA,2022-05-20
LSXMK,LSXMK,2022-05-20
LTBR,LTBR,2022-05-20
LTH,LTH,2022-05-20
LTHM,LTHM,2022-05-20
LULU,LULU,2022-05-20
LUMN,LUMN,2022-05-20
LUMO,LUMO,2022-05-20
LUV,LUV,2022-05-20
LVS,LVS,2022-05-20
LW,LW,2022-05-20
LXFR,LXFR,2022-05-20
LXU,LXU,2022-05-20
LYB,LYB,2022-05-20
LYFT,LYFT,2022-05-20
LYV,LYV,2022-05-20
LZ,LZ,2022-05-20
LZB,LZB,2022-05-20
M,M,2022-05-20
MA,MA,2022-05-20
MACU,MACU,2022-05-06
MAG,MAG,2022-05-20
MAIN,MAIN,2022-05-20
MAN,MAN,2022-05-20
MANH,MANH,2022-05-20
MANT,MANT,2022-05-20
MAQC,MAQC,2022-05-20
MAR,MAR,2022-05-20
MARA,MARA,2022-05-20
MARPS,MARPS,2022-05-20
MAS,MAS,2022-05-20
MASI,MASI,2022-05-20
MAT,MAT,2022-05-20
MATW,MATW,2022-05-20
MATX,MATX,2022-05-20
MAXR,MAXR,2022-05-20
MBI,MBI,2022-05-20
MBIN,MBIN,2022-05-20
MBTC,MBTC,2022-05-20
MBUU,MBUU,2022-05-20
MBWM,MBWM,2022-05-20
MC,MC,2022-05-20
MCAA,MCAA,2022-05-20
MCB,MCB,2022-05-20
MCBS,MCBS,2022-05-20
MCD,MCD,2022-05-20
MCFE,MCFE,2022-03-10
MCFT,MCFT,2022-05-20
MCHP,MCHP,2022-05-20
MCK,MCK,2022-05-20
MCO,MCO,2022-05-20
MCRI,MCRI,2022-05-20
MCS,MCS,2022-05-20
MCW,MCW,2022-05-20
MCY,MCY,2022-05-20
MD,MD,2022-05-20
MDB,MDB,2022-05-20
MDC,MDC,2022-05-20
MDGL,MDGL,2022-05-20
MDLZ,MDLZ,2022-05-20
MDRX,MDRX,2022-05-20
MDT,MDT,2022-05-20
MDU,MDU,2022-05-20
MED,MED,2022-05-20
MEDP,MEDP,2022-05-20
MEG,MEG,2022-05-20
MEI,MEI,2022-05-20
MELI,MELI,2022-05-20
MEOA,MEOA,2022-05-20
MEOH,MEOH,2022-05-20
MERC,MERC,2022-05-20
MET,MET,2022-05-20
METC,METC,2022-05-20
MFC,MFC,2022-05-20
MGA,MGA,2022-05-20
MGEE,MGEE,2022-05-20
MGI,MGI,2022-05-20
MGIC,MGIC,2022-05-20
MGM,MGM,2022-05-20
MGNI,MGNI,2022-05-20
MGPI,MGPI,2022-05-20
MGRC,MGRC,2022-05-20
MGY,MGY,2022-05-20
MHK,MHK,2022-05-20
MHO,MHO,2022-05-20
MIDD,MIDD,2022-05-20
MIME,MIME,2022-05-19
MIRM,MIRM,2022-05-20
MITK,MITK,2022-05-20
MIXT,MIXT,2022-05-20
MKC,MKC,2022-05-20
MKL,MKL,2022-05-20
MKSI,MKSI,2022-05-20
MKTX,MKTX,2022-05-20
MLAB,MLAB,2022-05-20
MLAC,MLAC,2022-05-20
MLCO,MLCO,2022-05-20
MLI,MLI,2022-05-20
MLKN,MLKN,2022-05-20
MLM,MLM,2022-05-20
MLNK,MLNK,2022-05-20
MLTX,MLTX,2022-05-20
MMC,MMC,2022-05-20
MMI,MMI,2022-05-20
MMM,MMM,2022-05-20
MMP,MMP,2022-05-20
MMS,MMS,2022-05-20
MMSI,MMSI,2022-05-20
MMYT,MMYT,2022-05-20
MN,MN,2022-05-20
MNDT,MNDT,2022-05-20
MNDY,MNDY,2022-05-20
MNRL,MNRL,2022-05-20
MNRO,MNRO,2022-05-20
MNST,MNST,2022-05-20
MNTK,MNTK,2022-05-20
MO,MO,2022-05-20
MODN,MODN,2022-05-20
MODV,MODV,2022-05-20
MOFG,MOFG,2022-05-20
MOH,MOH,2022-05-20
MOLN,MOLN,2022-05-20
MORN,MORN,2022-05-20
MOS,MOS,2022-05-20
MOV,MOV,2022-05-20
MP,MP,2022-05-20
MPAA,MPAA,2022-05-20
MPAC,MPAC,2022-05-20
MPB,MPB,2022-05-20
MPC,MPC,2022-05-20
MPLX,MPLX,2022-05-20
MPRA,MPRA,2022-05-20
MPWR,MPWR,2022-05-20
MPX,MPX,2022-05-20
MQ,MQ,2022-05-20
MRAM,MRAM,2022-05-20
MRC,MRC,2022-05-20
MRCC,MRCC,2022-05-20
MRCY,MRCY,2022-05-20
MRK,MRK,2022-05-20
MRNA,MRNA,2022-05-20
MRO,MRO,2022-05-20
MRTN,MRTN,2022-05-20
MRTX,MRTX,2022-05-20
MRUS,MRUS,2022-05-20
MRVI,MRVI,2022-05-20
MRVL,MRVL,2022-05-20
MS,MS,2022-05-20
MSA,MSA,2022-05-20
MSB,MSB,2022-05-20
MSBI,MSBI,2022-05-20
MSCI,MSCI,2022-05-20
MSEX,MSEX,2022-05-20
MSFT,MSFT,2022-05-20
MSGE,MSGE,2022-05-20
MSGS,MSGS,2022-05-20
MSI,MSI,2022-05-20
MSM,MSM,2022-05-20
MSP,MSP,2022-05-20
MSTR,MSTR,2022-05-20
MT,MT,2022-05-20
MTAL,MTAL,2022-05-20
MTB,MTB,2022-05-20
MTCH,MTCH,2022-05-20
MTD,MTD,2022-05-20
MTDR,MTDR,2022-05-20
MTG,MTG,2022-05-20
MTH,MTH,2022-05-20
MTN,MTN,2022-05-20
MTOR,MTOR,2022-05-20
MTR,MTR,2022-05-20
MTRN,MTRN,2022-05-20
MTSI,MTSI,2022-05-20
MTX,MTX,2022-05-20
MTZ,MTZ,2022-05-20
MU,MU,2022-05-20
MUR,MUR,2022-05-20
MUSA,MUSA,2022-05-20
MVBF,MVBF,2022-05-20
MVO,MVO,2022-05-20
MWA,MWA,2022-05-20
MX,MX,2022-05-20
MXC,MXC,2022-05-20
MXL,MXL,2022-05-20
MYE,MYE,2022-05-20
MYGN,MYGN,2022-05-20
MYNZ,MYNZ,2022-05-20
MYRG,MYRG,2022-05-20
NABL,NABL,2022-05-20
NAPA,NAPA,2022-05-20
NARI,NARI,2022-05-20
NATI,NATI,2022-05-20
NATR,NATR,2022-05-20
NAVI,NAVI,2022-05-20
NBHC,NBHC,2022-05-20
NBIX,NBIX,2022-05-20
NBN,NBN,2022-05-20
NBR,NBR,2022-05-20
NBTB,NBTB,2022-05-20
NC,NC,2022-05-20
NCAC,NCAC,2022-05-20
NCBS,NCBS,2022-05-20
NCLH,NCLH,2022-05-20
NCNO,NCNO,2022-05-20
NCR,NCR,2022-05-20
NDAQ,NDAQ,2022-05-20
NDSN,NDSN,2022-05-20
NE,NE,2022-05-20
NECB,NECB,2022-05-20
NEE,NEE,2022-05-20
NEM,NEM,2022-05-20
NEOG,NEOG,2022-05-20
NEP,NEP,2022-05-20
NESR,NESR,2022-05-20
NET,NET,2022-05-20
NETC,NETC,2022-05-20
NEU,NEU,2022-05-20
NEWR,NEWR,2022-05-20
NEWT,NEWT,2022-05-20
NEX,NEX,2022-05-20
NEXA,NEXA,2022-05-20
NFBK,NFBK,2022-05-20
NFE,NFE,2022-05-20
NFG,NFG,2022-05-20
NFLX,NFLX,2022-05-20
NGG,NGG,2022-05-20
NGS,NGS,2022-05-20
NGVC,NGVC,2022-05-20
NGVT,NGVT,2022-05-20
NHC,NHC,2022-05-20
NI,NI,2022-05-20
NICE,NICE,2022-05-20
NIO,NIO,2022-05-20
NJR,NJR,2022-05-20
NKE,NKE,2022-05-20
NKLA,NKLA,2022-05-20
NLIT,NLIT,2022-05-20
NLOK,NLOK,2022-05-20
NLSN,NLSN,2022-05-20
NMFC,NMFC,2022-05-20
NMIH,NMIH,2022-05-20
NMM,NMM,2022-05-20
NMRK,NMRK,2022-05-20
NNI,NNI,2022-05-20
NOA,NOA,2022-05-20
NOAH,NOAH,2022-05-20
NOC,NOC,2022-05-20
NOG,NOG,2022-05-20
NOMD,NOMD,2022-05-20
NOV,NOV,2022-05-20
NOVA,NOVA,2022-05-20
NOVT,NOVT,2022-05-20
NOVV,NOVV,2022-05-20
NOW,NOW,2022-05-20
NP,NP,2022-05-20
NPK,NPK,2022-05-20
NPO,NPO,2022-05-20
NPTN,NPTN,2022-05-20
NRC,NRC,2022-05-20
NREF,NREF,2022-05-20
NRG,NRG,2022-05-20
NRGV,NRGV,2022-05-20
NRP,NRP,2022-05-20
NRT,NRT,2022-05-20
NRZ,NRZ,2022-05-20
NS,NS,2022-05-20
NSC,NSC,2022-05-20
NSEC,NSEC,2022-05-20
NSIT,NSIT,2022-05-20
NSP,NSP,2022-05-20
NSSC,NSSC,2022-05-20
NSTS,NSTS,2022-05-20
NTAP,NTAP,2022-05-20
NTB,NTB,2022-05-20
NTCO,NTCO,2022-05-20
NTCT,NTCT,2022-05-20
NTES,NTES,2022-05-20
NTLA,NTLA,2022-05-20
NTNX,NTNX,2022-05-20
NTR,NTR,2022-05-20
NTRA,NTRA,2022-05-20
NTRS,NTRS,2022-05-20
NTUS,NTUS,2022-05-20
NU,NU,2022-05-20
NUAN,NUAN,2022-03-04
NUE,NUE,2022-05-20
NUS,NUS,2022-05-20
NUVA,NUVA,2022-05-20
NVAX,NVAX,2022-05-20
NVCR,NVCR,2022-05-20
NVCT,NVCT,2022-05-20
NVDA,NVDA,2022-05-20
NVEE,NVEE,2022-05-20
NVEI,NVEI,2022-05-20
NVGS,NVGS,2022-05-20
NVMI,NVMI,2022-05-20
NVO,NVO,2022-05-20
NVR,NVR,2022-05-20
NVS,NVS,2022-05-20
NVST,NVST,2022-05-20
NVT,NVT,2022-05-20
NWBI,NWBI,2022-05-20
NWE,NWE,2022-05-20
NWL,NWL,2022-05-20
NWN,NWN,2022-05-20
NWPX,NWPX,2022-05-20
NWS,NWS,2022-05-20
NWSA,NWSA,2022-05-20
NX,NX,2022-05-20
NXGN,NXGN,2022-05-20
NXPI,NXPI,2022-05-20
NXST,NXST,2022-05-20
NYCB,NYCB,2022-05-20
NYT,NYT,2022-05-20
OAS,OAS,2022-05-20
OBNK,OBNK,2022-05-20
OC,OC,2022-05-20
OCAX,OCAX,2022-05-20
OCDX,OCDX,2022-05-20
OCFC,OCFC,2022-05-20
OCN,OCN,2022-05-20
ODFL,ODFL,2022-05-20
ODP,ODP,2022-05-20
OEC,OEC,2022-05-20
OFG,OFG,2022-05-20
OFIX,OFIX,2022-05-20
OFS,OFS,2022-05-20
OGE,OGE,2022-05-20
OGN,OGN,2022-05-20
OGS,OGS,2022-05-20
OI,OI,2022-05-20
OII,OII,2022-05-20
OKE,OKE,2022-05-20
OKTA,OKTA,2022-05-20
OLED,OLED,2022-05-20
OLLI,OLLI,2022-05-20
OLN,OLN,2022-05-20
OLPX,OLPX,2022-05-20
OM,OM,2022-05-20
OMAB,OMAB,2022-05-20
OMC,OMC,2022-05-20
OMCL,OMCL,2022-05-20
OMF,OMF,2022-05-20
OMI,OMI,2022-05-20
ON,ON,2022-05-20
ONB,ONB,2022-05-20
ONEW,ONEW,2022-05-20
ONON,ONON,2022-05-20
ONTO,ONTO,2022-05-20
ONYX,ONYX,2022-05-20
OPBK,OPBK,2022-05-20
OPCH,OPCH,2022-05-20
OPEN,OPEN,2022-05-20
OPNT,OPNT,2022-05-20
OPRX,OPRX,2022-05-20
OPY,OPY,2022-05-20
OR,OR,2022-05-20
ORA,ORA,2022-05-20
ORAN,ORAN,2022-05-20
ORCC,ORCC,2022-05-20
ORCL,ORCL,2022-05-20
ORI,ORI,2022-05-20
ORLY,ORLY,2022-05-20
ORRF,ORRF,2022-05-20
OSBC,OSBC,2022-05-20
OSH,OSH,2022-05-20
OSIS,OSIS,2022-05-20
OSK,OSK,2022-05-20
OSW,OSW,2022-05-20
OTEC,OTEC,2022-05-20
OTEX,OTEX,2022-05-20
OTIS,OTIS,2022-05-20
OTRA,OTRA,2022-05-20
OTTR,OTTR,2022-05-20
OVV,OVV,2022-05-20
OWL,OWL,2022-05-20
OXM,OXM,2022-05-20
OXUS,OXUS,2022-05-20
OXY,OXY,2022-05-20
OZK,OZK,2022-05-20
OZON,OZON,2022-05-20
PAA,PAA,2022-05-20
PAAS,PAAS,2022-05-20
PAC,PAC,2022-05-20
PACK,PACK,2022-05-20
PACW,PACW,2022-05-20
PAG,PAG,2022-05-20
PAGP,PAGP,2022-05-20
PAGS,PAGS,2022-05-20
PAHC,PAHC,2022-05-20
PAM,PAM,2022-05-20
PANW,PANW,2022-05-20
PARA,PARA,2022-05-20
PARAA,PARAA,2022-05-20
PARR,PARR,2022-05-20
PATH,PATH,2022-05-20
PATK,PATK,2022-05-20
PAX,PAX,2022-05-20
PAYC,PAYC,2022-05-20
PAYX,PAYX,2022-05-20
PB,PB,2022-05-20
PBA,PBA,2022-05-20
PBAX,PBAX,2022-05-20
PBCT,PBCT,2022-04-04
PBF,PBF,2022-05-20
PBFX,PBFX,2022-05-20
PBH,PBH,2022-05-20
PBIP,PBIP,2022-05-20
PBR,PBR,2022-05-20
PBT,PBT,2022-05-20
PCAR,PCAR,2022-05-20
PCB,PCB,2022-05-20
PCCT,PCCT,2022-05-20
PCG,PCG,2022-05-20
PCOM,PCOM,2022-05-20
PCOR,PCOR,2022-05-20
PCRX,PCRX,2022-05-20
PCSB,PCSB,2022-05-20
PCTY,PCTY,2022-05-20
PCVX,PCVX,2022-05-20
PCX,PCX,2022-05-20
PCYO,PCYO,2022-05-20
PDCE,PDCE,2022-05-20
PDCO,PDCO,2022-05-20
PDD,PDD,2022-05-20
PDFS,PDFS,2022-05-20
PDLB,PDLB,2022-05-20
PDS,PDS,2022-05-20
PEBO,PEBO,2022-05-20
PEG,PEG,2022-05-20
PEGA,PEGA,2022-05-20
PEN,PEN,2022-05-20
PENN,PENN,2022-05-20
PEP,PEP,2022-05-20
PERI,PERI,2022-05-20
PETQ,PETQ,2022-05-20
PFBC,PFBC,2022-05-20
PFC,PFC,2022-05-20
PFE,PFE,2022-05-20
PFG,PFG,2022-05-20
PFGC,PFGC,2022-05-20
PFHD,PFHD,2022-05-20
PFLT,PFLT,2022-05-20
PFS,PFS,2022-05-20
PFSI,PFSI,2022-05-20
PFSW,PFSW,2022-05-20
PG,PG,2022-05-20
PGC,PGC,2022-05-20
PGNY,PGNY,2022-05-20
PGR,PGR,2022-05-20
PGTI,PGTI,2022-05-20
PH,PH,2022-05-20
PHG,PHG,2022-05-20
PHI,PHI,2022-05-20
PHM,PHM,2022-05-20
PI,PI,2022-05-20
PII,PII,2022-05-20
PINC,PINC,2022-05-20
PING,PING,2022-05-20
PINS,PINS,2022-05-20
PIPR,PIPR,2022-05-20
PJT,PJT,2022-05-20
PKBK,PKBK,2022-05-20
PKE,PKE,2022-05-20
PKG,PKG,2022-05-20
PKI,PKI,2022-05-20
PKX,PKX,2022-05-20
PLAB,PLAB,2022-05-20
PLAN,PLAN,2022-05-20
PLAY,PLAY,2022-05-20
PLL,PLL,2022-05-20
PLMR,PLMR,2022-05-20
PLNT,PLNT,2022-05-20
PLOW,PLOW,2022-05-20
PLTK,PLTK,2022-05-20
PLTR,PLTR,2022-05-20
PLUG,PLUG,2022-05-20
PLUS,PLUS,2022-05-20
PLXS,PLXS,2022-05-20
PM,PM,2022-05-20
PNC,PNC,2022-05-20
PNFP,PNFP,2022-05-20
PNM,PNM,2022-05-20
PNR,PNR,2022-05-20
PNTG,PNTG,2022-05-20
PNW,PNW,2022-05-20
PODD,PODD,2022-05-20
POLY,POLY,2022-05-20
PONO,PONO,2022-05-20
POOL,POOL,2022-05-20
POR,POR,2022-05-20
POST,POST,2022-05-20
POWI,POWI,2022-05-20
PPBI,PPBI,2022-05-20
PPC,PPC,2022-05-20
PPG,PPG,2022-05-20
PPGH,PPGH,2022-04-04
PPL,PPL,2022-05-20
PRA,PRA,2022-05-20
PRAA,PRAA,2022-05-20
PRCT,PRCT,2022-05-20
PRDO,PRDO,2022-05-20
PRFT,PRFT,2022-05-20
PRGO,PRGO,2022-05-20
PRGS,PRGS,2022-05-20
PRI,PRI,2022-05-20
PRIM,PRIM,2022-05-20
PRK,PRK,2022-05-20
PRM,PRM,2022-05-20
PRMW,PRMW,2022-05-20
PRT,PRT,2022-05-20
PRTA,PRTA,2022-05-20
PRU,PRU,2022-05-20
PRVA,PRVA,2022-05-20
PSMT,PSMT,2022-05-20
PSN,PSN,2022-05-20
PSO,PSO,2022-05-20
PSTG,PSTG,2022-05-20
PSTH,PSTH,2022-05-20
PSX,PSX,2022-05-20
PSXP,PSXP,2022-03-08
PTC,PTC,2022-05-20
PTCT,PTCT,2022-05-20
PTEN,PTEN,2022-05-20
PTMN,PTMN,2022-05-20
PTON,PTON,2022-05-20
PTR,PTR,2022-05-20
PTSI,PTSI,2022-05-20
PTVE,PTVE,2022-05-20
PUBM,PUBM,2022-05-20
PUK,PUK,2022-05-20
PUMP,PUMP,2022-05-20
PVBC,PVBC,2022-05-20
PVG,PVG,2022-03-08
PVH,PVH,2022-05-20
PWP,PWP,2022-05-20
PWR,PWR,2022-05-20
PWSC,PWSC,2022-05-20
PX,PX,2022-05-20
PXD,PXD,2022-05-20
PYCR,PYCR,2022-05-20
PYPL,PYPL,2022-05-20
PZZA,PZZA,2022-05-20
QCOM,QCOM,2022-05-20
QCRH,QCRH,2022-05-20
QDEL,QDEL,2022-05-20
QFIN,QFIN,2022-05-20
QGEN,QGEN,2022-05-20
QLYS,QLYS,2022-05-20
QRVO,QRVO,2022-05-20
QS,QS,2022-05-20
QSR,QSR,2022-05-20
QTWO,QTWO,2022-05-20
QURE,QURE,2022-05-20
R,R,2022-05-20
RACE,RACE,2022-05-20
RADA,RADA,2022-05-20
RAM,RAM,2022-05-20
RANI,RANI,2022-05-20
RARE,RARE,2022-05-20
RBA,RBA,2022-05-20
RBB,RBB,2022-05-20
RBCAA,RBCAA,2022-05-20
RBLX,RBLX,2022-05-20
RC,RC,2022-05-20
RCI,RCI,2022-05-20
RCII,RCII,2022-05-20
RCKY,RCKY,2022-05-20
RCL,RCL,2022-05-20
RCM,RCM,2022-05-20
RCMT,RCMT,2022-05-20
RCUS,RCUS,2022-05-20
RDCM,RDCM,2022-05-20
RDN,RDN,2022-05-20
RDNT,RDNT,2022-05-20
RDVT,RDVT,2022-05-20
RDWR,RDWR,2022-05-20
RDY,RDY,2022-05-20
RE,RE,2022-05-20
REFI,REFI,2022-05-20
REGI,REGI,2022-05-20
REGN,REGN,2022-05-20
RELL,RELL,2022-05-20
RELX,RELX,2022-05-20
RENN,RENN,2022-05-20
REPX,REPX,2022-05-20
RES,RES,2022-05-20
REVE,REVE,2022-05-20
REX,REX,2022-05-20
REYN,REYN,2022-05-20
REZI,REZI,2022-05-20
RF,RF,2022-05-20
RFP,RFP,2022-05-20
RGA,RGA,2022-05-20
RGC,RGC,2022-05-20
RGEN,RGEN,2022-05-20
RGLD,RGLD,2022-05-20
RGNX,RGNX,2022-05-20
RGP,RGP,2022-05-20
RGR,RGR,2022-05-20
RH,RH,2022-05-20
RHI,RHI,2022-05-20
RICK,RICK,2022-05-20
RICO,RICO,2022-05-20
RILY,RILY,2022-05-20
RIO,RIO,2022-05-20
RIVN,RIVN,2022-05-20
RJF,RJF,2022-05-20
RKT,RKT,2022-05-20
RL,RL,2022-05-20
RLAY,RLAY,2022-05-20
RLGY,RLGY,2022-05-20
RLI,RLI,2022-05-20
RLMD,RLMD,2022-05-20
RM,RM,2022-05-20
RMAX,RMAX,2022-05-20
RMBS,RMBS,2022-05-20
RMD,RMD,2022-05-20
RMR,RMR,2022-05-20
RNDB,RNDB,2022-05-20
RNER,RNER,2022-05-20
RNG,RNG,2022-05-20
RNGR,RNGR,2022-05-20
RNR,RNR,2022-05-20
RNST,RNST,2022-05-20
ROAD,ROAD,2022-05-20
ROCC,ROCC,2022-05-20
ROCG,ROCG,2022-05-20
ROCK,ROCK,2022-05-20
ROG,ROG,2022-05-20
ROK,ROK,2022-05-20
ROKU,ROKU,2022-05-20
ROL,ROL,2022-05-20
ROLL,ROLL,2022-05-20
ROP,ROP,2022-05-20
ROSE,ROSE,2022-05-20
ROST,ROST,2022-05-20
RPAY,RPAY,2022-05-20
RPD,RPD,2022-05-20
RPM,RPM,2022-05-20
RPRX,RPRX,2022-05-20
RRC,RRC,2022-05-20
RRD,RRD,2022-02-24
RRR,RRR,2022-05-20
RRX,RRX,2022-05-20
RS,RS,2022-05-20
RSG,RSG,2022-05-20
RTLR,RTLR,2022-05-20
RTX,RTX,2022-05-20
RUN,RUN,2022-05-20
RUSHA,RUSHA,2022-05-20
RUTH,RUTH,2022-05-20
RVLV,RVLV,2022-05-20
RVNC,RVNC,2022-05-20
RWAY,RWAY,2022-05-20
RXDX,RXDX,2022-05-20
RXST,RXST,2022-05-20
RXT,RXT,2022-05-20
RY,RY,2022-05-20
RYAAY,RYAAY,2022-05-20
RYAN,RYAN,2022-05-20
RYI,RYI,2022-05-20
S,S,2022-05-20
SA,SA,2022-05-20
SABR,SABR,2022-05-20
SAFM,SAFM,2022-05-20
SAFT,SAFT,2022-05-20
SAH,SAH,2022-05-20
SAIA,SAIA,2022-05-20
SAIC,SAIC,2022-05-20
SAIL,SAIL,2022-05-20
SAM,SAM,2022-05-20
SAMG,SAMG,2022-05-20
SANB,SANB,2022-05-20
SANM,SANM,2022-05-20
SAP,SAP,2022-05-20
SAR,SAR,2022-05-20
SASR,SASR,2022-05-20
SATS,SATS,2022-05-20
SAVE,SAVE,2022-05-20
SBCF,SBCF,2022-05-20
SBGI,SBGI,2022-05-20
SBH,SBH,2022-05-20
SBLK,SBLK,2022-05-20
SBNY,SBNY,2022-05-20
SBOW,SBOW,2022-05-20
SBR,SBR,2022-05-20
SBS,SBS,2022-05-20
SBSI,SBSI,2022-05-20
SBSW,SBSW,2022-05-20
SBUX,SBUX,2022-05-20
SCCO,SCCO,2022-05-20
SCHL,SCHL,2022-05-20
SCHN,SCHN,2022-05-20
SCHW,SCHW,2022-05-20
SCI,SCI,2022-05-20
SCL,SCL,2022-05-20
SCM,SCM,2022-05-20
SCPL,SCPL,2022-05-20
SCSC,SCSC,2022-05-20
SCVL,SCVL,2022-05-20
SD,SD,2022-05-20
SE,SE,2022-05-20
SEAS,SEAS,2022-05-20
SEAT,SEAT,2022-05-20
SEDG,SEDG,2022-05-20
SEE,SEE,2022-05-20
SEIC,SEIC,2022-05-20
SEM,SEM,2022-05-20
SEMR,SEMR,2022-05-20
SENEA,SENEA,2022-05-20
SES,SES,2022-05-20
SEVN,SEVN,2022-05-20
SF,SF,2022-05-20
SFBS,SFBS,2022-05-20
SFL,SFL,2022-05-20
SFM,SFM,2022-05-20
SFNC,SFNC,2022-05-20
SFST,SFST,2022-05-20
SG,SG,2022-05-20
SGEN,SGEN,2022-05-20
SGFY,SGFY,2022-05-20
SGH,SGH,2022-05-20
SGHC,SGHC,2022-05-20
SGLY,SGLY,2022-05-20
SGML,SGML,2022-05-20
SGMS,SGMS,2022-05-20
SGRY,SGRY,2022-05-20
SGU,SGU,2022-05-20
SHBI,SHBI,2022-05-20
SHC,SHC,2022-05-20
SHEL,SHEL,2022-05-20
SHG,SHG,2022-05-20
SHLS,SHLS,2022-05-20
SHLX,SHLX,2022-05-20
SHOO,SHOO,2022-05-20
SHOP,SHOP,2022-05-20
SHW,SHW,2022-05-20
SHYF,SHYF,2022-05-20
SI,SI,2022-05-20
SIG,SIG,2022-05-20
SIGI,SIGI,2022-05-20
SII,SII,2022-05-20
SILC,SILC,2022-05-20
SILK,SILK,2022-05-20
SIMO,SIMO,2022-05-20
SIRE,SIRE,2022-05-20
SITE,SITE,2022-05-20
SITM,SITM,2022-05-20
SIVB,SIVB,2022-05-20
SIX,SIX,2022-05-20
SJI,SJI,2022-05-20
SJM,SJM,2022-05-20
SJR,SJR,2022-05-20
SJT,SJT,2022-05-20
SJW,SJW,2022-05-20
SKE,SKE,2022-05-20
SKIN,SKIN,2022-05-20
SKM,SKM,2022-05-20
SKX,SKX,2022-05-20
SKY,SKY,2022-05-20
SKYH,SKYH,2022-05-20
SKYW,SKYW,2022-05-20
SKYX,SKYX,2022-05-20
SLAB,SLAB,2022-05-20
SLB,SLB,2022-05-20
SLCA,SLCA,2022-05-20
SLF,SLF,2022-05-20
SLGN,SLGN,2022-05-20
SLM,SLM,2022-05-20
SLNH,SLNH,2022-05-20
SLP,SLP,2022-05-20
SLRC,SLRC,2022-05-20
SLVM,SLVM,2022-05-20
SM,SM,2022-05-20
SMAR,SMAR,2022-05-20
SMBC,SMBC,2022-05-20
SMBK,SMBK,2022-05-20
SMCI,SMCI,2022-05-20
SMG,SMG,2022-05-20
SMID,SMID,2022-05-20
SMLR,SMLR,2022-05-20
SMP,SMP,2022-05-20
SMPL,SMPL,2022-05-20
SMTC,SMTC,2022-05-20
SNA,SNA,2022-05-20
SNAP,SNAP,2022-05-20
SNCY,SNCY,2022-05-20
SNDR,SNDR,2022-05-20
SNDX,SNDX,2022-05-20
SNEX,SNEX,2022-05-20
SNN,SNN,2022-05-20
SNOW,SNOW,2022-05-20
SNP,SNP,2022-05-20
SNPO,SNPO,2022-05-20
SNPS,SNPS,2022-05-20
SNV,SNV,2022-05-20
SNX,SNX,2022-05-20
SNY,SNY,2022-05-20
SO,SO,2022-05-20
SOFI,SOFI,2022-05-20
SOHU,SOHU,2022-05-20
SOI,SOI,2022-05-20
SON,SON,2022-05-20
SONO,SONO,2022-05-20
SONY,SONY,2022-05-20
SOVO,SOVO,2022-05-20
SP,SP,2022-05-20
SPB,SPB,2022-05-20
SPFI,SPFI,2022-05-20
SPGI,SPGI,2022-05-20
SPH,SPH,2022-05-20
SPLK,SPLK,2022-05-20
SPNS,SPNS,2022-05-20
SPOT,SPOT,2022-05-20
SPR,SPR,2022-05-20
SPSC,SPSC,2022-05-20
SPT,SPT,2022-05-20
SPTN,SPTN,2022-05-20
SPWR,SPWR,2022-05-20
SQ,SQ,2022-05-20
SQM,SQM,2022-05-20
SQSP,SQSP,2022-05-20
SR,SR,2022-05-20
SRAD,SRAD,2022-05-20
SRCE,SRCE,2022-05-20
SRCL,SRCL,2022-05-20
SRE,SRE,2022-05-20
SRLP,SRLP,2022-05-20
SRPT,SRPT,2022-05-20
SRRA,SRRA,2022-05-20
SRTS,SRTS,2022-05-20
SSB,SSB,2022-05-20
SSBK,SSBK,2022-05-20
SSD,SSD,2022-05-20
SSIC,SSIC,2022-05-20
SSL,SSL,2022-05-20
SSNC,SSNC,2022-05-20
SSP,SSP,2022-05-20
SSRM,SSRM,2022-05-20
SSSS,SSSS,2022-05-20
SST,SST,2022-05-20
SSTK,SSTK,2022-05-20
SSYS,SSYS,2022-05-20
ST,ST,2022-05-20
STAA,STAA,2022-05-20
STAR,STAR,2022-05-20
STBA,STBA,2022-05-20
STC,STC,2022-05-20
STE,STE,2022-05-20
STEP,STEP,2022-05-20
STER,STER,2022-05-20
STFC,STFC,2022-03-10
STKS,STKS,2022-05-20
STLA,STLA,2022-05-20
STLD,STLD,2022-05-20
STM,STM,2022-05-20
STN,STN,2022-05-20
STNE,STNE,2022-05-20
STNG,STNG,2022-05-20
STRA,STRA,2022-05-20
STRL,STRL,2022-05-20
STT,STT,2022-05-20
STVN,STVN,2022-05-20
STWD,STWD,2022-05-20
STX,STX,2022-05-20
STXB,STXB,2022-04-11
STZ,STZ,2022-05-20
SU,SU,2022-05-20
SUM,SUM,2022-05-20
SUN,SUN,2022-05-20
SUPN,SUPN,2022-05-20
SUZ,SUZ,2022-05-20
SV,SV,2022-05-02
SVNA,SVNA,2022-05-20
SWAG,SWAG,2022-05-20
SWAV,SWAV,2022-05-20
SWBI,SWBI,2022-05-20
SWCH,SWCH,2022-05-20
SWI,SWI,2022-05-20
SWIR,SWIR,2022-05-20
SWK,SWK,2022-05-20
SWKS,SWKS,2022-05-20
SWM,SWM,2022-05-20
SWTX,SWTX,2022-05-20
SWX,SWX,2022-05-20
SXI,SXI,2022-05-20
SXT,SXT,2022-05-20
SYBT,SYBT,2022-05-20
SYF,SYF,2022-05-20
SYK,SYK,2022-05-20
SYNA,SYNA,2022-05-20
SYNH,SYNH,2022-05-20
SYNL,SYNL,2022-05-20
SYY,SYY,2022-05-20
SZZL,SZZL,2022-05-20
T,T,2022-05-20
TA,TA,2022-05-20
TAC,TAC,2022-05-20
TACA,TACA,2022-05-20
TACO,TACO,2022-03-09
TAK,TAK,2022-05-20
TALO,TALO,2022-05-20
TAP,TAP,2022-05-20
TASK,TASK,2022-05-20
TBBK,TBBK,2022-05-20
TBI,TBI,2022-05-20
TBK,TBK,2022-05-20
TCBI,TCBI,2022-05-20
TCBK,TCBK,2022-05-20
TCBX,TCBX,2022-05-20
TCDA,TCDA,2022-05-20
TCN,TCN,2022-05-20
TCOM,TCOM,2022-05-20
TCPC,TCPC,2022-05-20
TCX,TCX,2022-05-20
TD,TD,2022-05-20
TDC,TDC,2022-05-20
TDCX,TDCX,2022-05-20
TDG,TDG,2022-05-20
TDOC,TDOC,2022-05-20
TDS,TDS,2022-05-20
TDW,TDW,2022-05-20
TDY,TDY,2022-05-20
TEAM,TEAM,2022-05-20
TECH,TECH,2022-05-20
TECK,TECK,2022-05-20
TEL,TEL,2022-05-20
TEN,TEN,2022-05-20
TENB,TENB,2022-05-20
TER,TER,2022-05-20
TEVA,TEVA,2022-05-20
TEX,TEX,2022-05-20
TFC,TFC,2022-05-20
TFII,TFII,2022-05-20
TFSL,TFSL,2022-05-20
TFX,TFX,2022-05-20
TG,TG,2022-05-20
TGH,TGH,2022-05-20
TGI,TGI,2022-05-20
TGLS,TGLS,2022-05-20
TGNA,TGNA,2022-05-20
TGT,TGT,2022-05-20
THC,THC,2022-05-20
THCA,THCA,2022-05-20
THFF,THFF,2022-05-20
THG,THG,2022-05-20
THO,THO,2022-05-20
THR,THR,2022-05-20
THRM,THRM,2022-05-20
THRY,THRY,2022-05-20
THS,THS,2022-05-20
TIGO,TIGO,2022-05-20
TILE,TILE,2022-05-20
TIMB,TIMB,2022-05-20
TINV,TINV,2022-05-20
TIPT,TIPT,2022-05-20
TITN,TITN,2022-05-20
TIXT,TIXT,2022-05-20
TJX,TJX,2022-05-20
TKR,TKR,2022-05-20
TLGY,TLGY,2022-05-20
TLK,TLK,2022-05-20
TLS,TLS,2022-05-20
TLYS,TLYS,2022-05-20
TM,TM,2022-05-20
TMDX,TMDX,2022-05-20
TMHC,TMHC,2022-05-20
TMO,TMO,2022-05-20
TMP,TMP,2022-05-20
TMST,TMST,2022-05-20
TMUS,TMUS,2022-05-20
TMX,TMX,2022-05-20
TNC,TNC,2022-05-20
TNDM,TNDM,2022-05-20
TNET,TNET,2022-05-20
TNK,TNK,2022-05-20
TNL,TNL,2022-05-20
TNP,TNP,2022-05-20
TOAC,TOAC,2022-05-20
TOL,TOL,2022-05-20
TOST,TOST,2022-05-20
TOWN,TOWN,2022-05-20
TPB,TPB,2022-05-20
TPG,TPG,2022-05-20
TPH,TPH,2022-05-20
TPL,TPL,2022-05-20
TPR,TPR,2022-05-20
TPVG,TPVG,2022-05-20
TPX,TPX,2022-05-20
TR,TR,2022-05-20
TRC,TRC,2022-05-20
TREE,TREE,2022-05-20
TREX,TREX,2022-05-20
TRGP,TRGP,2022-05-20
TRI,TRI,2022-05-20
TRIN,TRIN,2022-05-20
TRIP,TRIP,2022-05-20
TRMB,TRMB,2022-05-20
TRMK,TRMK,2022-05-20
TRMR,TRMR,2022-05-20
TRN,TRN,2022-05-20
TRNS,TRNS,2022-05-20
TROW,TROW,2022-05-20
TROX,TROX,2022-05-20
TRP,TRP,2022-05-20
TRQ,TRQ,2022-05-20
TRS,TRS,2022-05-20
TRST,TRST,2022-05-20
TRTN,TRTN,2022-05-20
TRTX,TRTX,2022-05-20
TRU,TRU,2022-05-20
TRUP,TRUP,2022-05-20
TRV,TRV,2022-05-20
TS,TS,2022-05-20
TSC,TSC,2022-05-20
TSCO,TSCO,2022-05-20
TSE,TSE,2022-05-20
TSEM,TSEM,2022-05-20
TSLA,TSLA,2022-05-20
TSLX,TSLX,2022-05-20
TSM,TSM,2022-05-20
TSN,TSN,2022-05-20
TSP,TSP,2022-05-20
TSQ,TSQ,2022-05-20
TSRI,TSRI,2022-05-20
TT,TT,2022-05-20
TTC,TTC,2022-05-20
TTD,TTD,2022-05-20
TTE,TTE,2022-05-20
TTEC,TTEC,2022-05-20
TTEK,TTEK,2022-05-20
TTGT,TTGT,2022-05-20
TTM,TTM,2022-05-20
TTMI,TTMI,2022-05-20
TTWO,TTWO,2022-05-20
TU,TU,2022-05-20
TUFN,TUFN,2022-05-20
TUP,TUP,2022-05-20
TV,TV,2022-05-20
TVTX,TVTX,2022-05-20
TVTY,TVTY,2022-05-20
TW,TW,2022-05-20
TWI,TWI,2022-05-20
TWIN,TWIN,2022-05-20
TWKS,TWKS,2022-05-20
TWLO,TWLO,2022-05-20
TWNK,TWNK,2022-05-20
TWTR,TWTR,2022-05-20
TX,TX,2022-05-20
TXG,TXG,2022-05-20
TXN,TXN,2022-05-20
TXRH,TXRH,2022-05-20
TXT,TXT,2022-05-20
TYL,TYL,2022-05-20
U,U,2022-05-20
UA,UA,2022-05-20
UAA,UAA,2022-05-20
UAL,UAL,2022-05-20
UAN,UAN,2022-05-20
UBER,UBER,2022-05-20
UBS,UBS,2022-05-20
UBSI,UBSI,2022-05-20
UCBI,UCBI,2022-05-20
UCTT,UCTT,2022-05-20
UFCS,UFCS,2022-05-20
UFPI,UFPI,2022-05-20
UFPT,UFPT,2022-05-20
UGI,UGI,2022-05-20
UGRO,UGRO,2022-05-20
UHAL,UHAL,2022-05-20
UHS,UHS,2022-05-20
UI,UI,2022-05-20
UL,UL,2022-05-20
ULH,ULH,2022-05-20
ULTA,ULTA,2022-05-20
UMBF,UMBF,2022-05-20
UMPQ,UMPQ,2022-05-20
UNF,UNF,2022-05-20
UNFI,UNFI,2022-05-20
UNH,UNH,2022-05-20
UNM,UNM,2022-05-20
UNP,UNP,2022-05-20
UNTY,UNTY,2022-05-20
UNVR,UNVR,2022-05-20
UPS,UPS,2022-05-20
UPST,UPST,2022-05-20
UPWK,UPWK,2022-05-20
URI,URI,2022-05-20
USAC,USAC,2022-05-20
USAK,USAK,2022-05-20
USAP,USAP,2022-05-20
USB,USB,2022-05-20
USCB,USCB,2022-05-20
USCT,USCT,2022-05-20
USFD,USFD,2022-05-20
USM,USM,2022-05-20
USNA,USNA,2022-05-20
USPH,USPH,2022-05-20
UTAA,UTAA,2022-05-20
UTHR,UTHR,2022-05-20
UTI,UTI,2022-05-20
UTL,UTL,2022-05-20
UTZ,UTZ,2022-05-20
UUUU,UUUU,2022-05-20
UVE,UVE,2022-05-20
UVSP,UVSP,2022-05-20
UVV,UVV,2022-05-20
V,V,2022-05-20
VAC,VAC,2022-05-20
VAL,VAL,2022-05-20
VALE,VALE,2022-05-20
VALN,VALN,2022-05-20
VALU,VALU,2022-05-20
VBNK,VBNK,2022-05-20
VBTX,VBTX,2022-05-20
VC,VC,2022-05-20
VCKA,VCKA,2022-05-20
VCTR,VCTR,2022-05-20
VEC,VEC,2022-05-20
VECO,VECO,2022-05-20
VEEV,VEEV,2022-05-20
VEL,VEL,2022-05-20
VENA,VENA,2022-05-20
VERA,VERA,2022-05-20
VERU,VERU,2022-05-20
VERX,VERX,2022-05-20
VET,VET,2022-05-20
VFC,VFC,2022-05-20
VG,VG,2022-05-20
VGR,VGR,2022-05-20
VHAQ,VHAQ,2022-05-20
VHI,VHI,2022-05-20
VHNA,VHNA,2022-05-20
VIA,VIA,2022-05-20
VIAV,VIAV,2022-05-20
VICR,VICR,2022-05-20
VIGL,VIGL,2022-05-20
VINP,VINP,2022-05-20
VIPS,VIPS,2022-05-20
VIR,VIR,2022-05-20
VIRT,VIRT,2022-05-20
VIV,VIV,2022-05-20
VIVO,VIVO,2022-05-20
VLGEA,VLGEA,2022-05-20
VLO,VLO,2022-05-20
VLRS,VLRS,2022-05-20
VLY,VLY,2022-05-20
VMC,VMC,2022-05-20
VMI,VMI,2022-05-20
VMW,VMW,2022-05-20
VNDA,VNDA,2022-05-20
VNE,VNE,2022-04-01
VNOM,VNOM,2022-05-20
VNT,VNT,2022-05-20
VOD,VOD,2022-05-20
VOYA,VOYA,2022-05-20
VPG,VPG,2022-05-20
VRDN,VRDN,2022-05-20
VREX,VREX,2022-05-20
VRNS,VRNS,2022-05-20
VRNT,VRNT,2022-05-20
VRRM,VRRM,2022-05-20
VRS,VRS,2022-04-01
VRSK,VRSK,2022-05-20
VRSN,VRSN,2022-05-20
VRT,VRT,2022-05-20
VRTS,VRTS,2022-05-20
VRTV,VRTV,2022-05-20
VRTX,VRTX,2022-05-20
VSAT,VSAT,2022-05-20
VSCO,VSCO,2022-05-20
VSEC,VSEC,2022-05-20
VSH,VSH,2022-05-20
VST,VST,2022-05-20
VSTO,VSTO,2022-05-20
VTAQ,VTAQ,2022-05-20
VTOL,VTOL,2022-05-20
VTRS,VTRS,2022-05-20
VTRU,VTRU,2022-05-20
VVI,VVI,2022-05-20
VVV,VVV,2022-05-20
VWE,VWE,2022-05-20
VWTR,VWTR,2022-05-20
VZ,VZ,2022-05-20
W,W,2022-05-20
WAB,WAB,2022-05-20
WABC,WABC,2022-05-20
WAFD,WAFD,2022-05-20
WAL,WAL,2022-05-20
WASH,WASH,2022-05-20
WAT,WAT,2022-05-20
WB,WB,2022-05-20
WBA,WBA,2022-05-20
WBD,WBD,2022-05-20
WBS,WBS,2022-05-20
WBT,WBT,2022-05-20
WBX,WBX,2022-05-20
WCC,WCC,2022-05-20
WCN,WCN,2022-05-20
WD,WD,2022-05-20
WDAY,WDAY,2022-05-20
WDC,WDC,2022-05-20
WDFC,WDFC,2022-05-20
WEBR,WEBR,2022-05-20
WEC,WEC,2022-05-20
WEN,WEN,2022-05-20
WERN,WERN,2022-05-20
WES,WES,2022-05-20
WEX,WEX,2022-05-20
WFC,WFC,2022-05-20
WFG,WFG,2022-05-20
WFRD,WFRD,2022-05-20
WGO,WGO,2022-05-20
WH,WH,2022-05-20
WHD,WHD,2022-05-20
WHF,WHF,2022-05-20
WHR,WHR,2022-05-20
WING,WING,2022-05-20
WIRE,WIRE,2022-05-20
WIX,WIX,2022-05-20
WK,WK,2022-05-20
WLDN,WLDN,2022-05-20
WLK,WLK,2022-05-20
WLKP,WLKP,2022-05-20
WLL,WLL,2022-05-20
WLY,WLY,2022-05-20
WM,WM,2022-05-20
WMB,WMB,2022-05-20
WMG,WMG,2022-05-20
WMK,WMK,2022-05-20
WMS,WMS,2022-05-20
WMT,WMT,2022-05-20
WNC,WNC,2022-05-20
WNS,WNS,2022-05-20
WOLF,WOLF,2022-05-20
WOOF,WOOF,2022-05-20
WOR,WOR,2022-05-20
WOW,WOW,2022-05-20
WPM,WPM,2022-05-20
WPP,WPP,2022-05-20
WRB,WRB,2022-05-20
WRBY,WRBY,2022-05-20
WRK,WRK,2022-05-20
WRLD,WRLD,2022-05-20
WSBC,WSBC,2022-05-20
WSBF,WSBF,2022-05-20
WSC,WSC,2022-05-20
WSFS,WSFS,2022-05-20
WSM,WSM,2022-05-20
WSO,WSO,2022-05-20
WST,WST,2022-05-20
WTBA,WTBA,2022-05-20
WTFC,WTFC,2022-05-20
WTRG,WTRG,2022-05-20
WTS,WTS,2022-05-20
WTW,WTW,2022-05-20
WU,WU,2022-05-20
WWD,WWD,2022-05-20
WWE,WWE,2022-05-20
WYNN,WYNN,2022-05-20
X,X,2022-05-20
XEL,XEL,2022-05-20
XENE,XENE,2022-05-20
XENT,XENT,2022-05-13
XM,XM,2022-05-20
XNCR,XNCR,2022-05-20
XOM,XOM,2022-05-20
XOMA,XOMA,2022-05-20
XP,XP,2022-05-20
XPEL,XPEL,2022-05-20
XPER,XPER,2022-05-20
XPEV,XPEV,2022-05-20
XPO,XPO,2022-05-20
XPOF,XPOF,2022-05-20
XPRO,XPRO,2022-05-20
XRAY,XRAY,2022-05-20
XRX,XRX,2022-05-20
XYL,XYL,2022-05-20
Y,Y,2022-05-20
YELP,YELP,2022-05-20
YETI,YETI,2022-05-20
YNDX,YNDX,2022-05-20
YORW,YORW,2022-05-20
YOU,YOU,2022-05-20
YUM,YUM,2022-05-20
YUMC,YUMC,2022-05-20
YY,YY,2022-05-20
Z,Z,2022-05-20
ZBH,ZBH,2022-05-20
ZBRA,ZBRA,2022-05-20
ZD,ZD,2022-05-20
ZEN,ZEN,2022-05-20
ZETA,ZETA,2022-05-20
ZEUS,ZEUS,2022-05-20
ZG,ZG,2022-05-20
ZGN,ZGN,2022-05-20
ZGNX,ZGNX,2022-03-08
ZI,ZI,2022-05-20
ZIM,ZIM,2022-05-20
ZIMV,ZIMV,2022-05-20
ZION,ZION,2022-05-20
ZIP,ZIP,2022-05-20
ZLAB,ZLAB,2022-05-20
ZM,ZM,2022-05-20
ZNTE,ZNTE,2022-05-09
ZS,ZS,2022-05-20
ZTO,ZTO,2022-05-20
ZTS,ZTS,2022-05-20
ZUMZ,ZUMZ,2022-05-20
ZWS,ZWS,2022-05-20
